"Marca temporal";"¿Qué medios de comunicación usa en el contexto universitario?";"¿Cómo prefiere la interacción con el estudiantado (clases, tutorías, ...)?";"Valore la importancia de las siguientes características de la interacción del profesorado hacia el estudiantado. [La rapidez en la respuesta]";"Valore la importancia de las siguientes características de la interacción del profesorado hacia el estudiantado. [Disponibilidad para resolver dudas]";"Valore la importancia de las siguientes características de la interacción del profesorado hacia el estudiantado. [Retroalimentación (feedback) constructiva]";"Valore la importancia de las siguientes características de la interacción del profesorado hacia el estudiantado. [Empatía y comprensión]";"Valore la importancia de las siguientes características de la interacción del profesorado hacia el estudiantado. [Uso de ejemplos prácticos]";"Valore la importancia de las siguientes características de la interacción del profesorado hacia el estudiantado. [Flexibilidad en los horarios de atención]";"Valore la importancia de las siguientes características de la interacción del profesorado hacia el estudiantado. [Accesibilidad a través de diferentes medios (correo, chat, etc.)]";"Valore la importancia de las siguientes características de la interacción del profesorado hacia el estudiantado. [Motivación y apoyo continuo]";"Valore la importancia de las siguientes características de la interacción del profesorado hacia el estudiantado. [Confianza en las respuestas]";"Valore la importancia de las siguientes características de la interacción del profesorado hacia el estudiantado. [Personalización de las respuestas]";"¿Qué chatbots (programas que simulan una conversación humana para proporcionar información o realizar tareas) conoce y/o usa? [ChatGPT]";"¿Qué chatbots (programas que simulan una conversación humana para proporcionar información o realizar tareas) conoce y/o usa? [Copilot/Bing Chat]";"¿Qué chatbots (programas que simulan una conversación humana para proporcionar información o realizar tareas) conoce y/o usa? [Gemini]";"¿Qué chatbots (programas que simulan una conversación humana para proporcionar información o realizar tareas) conoce y/o usa? [Claude]";"¿Qué chatbots (programas que simulan una conversación humana para proporcionar información o realizar tareas) conoce y/o usa? [NotebookLM]";"¿Qué chatbots (programas que simulan una conversación humana para proporcionar información o realizar tareas) conoce y/o usa? [DeepSeek]";"¿Qué chatbots (programas que simulan una conversación humana para proporcionar información o realizar tareas) conoce y/o usa? [Perplexity]";"Si conoce y/o usa otro chatbot puede indicar el nombre y el uso aquí:";"¿Con que frecuencia utiliza chatbots?";"Relacionado con la docencia en el contexto universitario, ¿cuáles de la siguientes opciones de uso de chatbots le parecen útiles? [Preparar ejercicios o ejemplos]";"Relacionado con la docencia en el contexto universitario, ¿cuáles de la siguientes opciones de uso de chatbots le parecen útiles? [Generar material didáctico complementario]";"Relacionado con la docencia en el contexto universitario, ¿cuáles de la siguientes opciones de uso de chatbots le parecen útiles? [Mejorar la corrección preliminar de ejercicios y dar retroalimentación (feedback)]";"Relacionado con la docencia en el contexto universitario, ¿cuáles de la siguientes opciones de uso de chatbots le parecen útiles? [Ayudar en la resolución de ejercicios como un/a tutor/a]";"Relacionado con la docencia en el contexto universitario, ¿cuáles de la siguientes opciones de uso de chatbots le parecen útiles? [Asistencia en procedimientos legales, becas y ayudas]";"Relacionado con la docencia en el contexto universitario, ¿cuáles de la siguientes opciones de uso de chatbots le parecen útiles? [Comunicación entre el profesorado y el alumnado]";"Relacionado con la docencia en el contexto universitario, ¿cuáles de la siguientes opciones de uso de chatbots le parecen útiles? [Responder a preguntas administrativas]";"Relacionado con la docencia en el contexto universitario, ¿cuáles de la siguientes opciones de uso de chatbots le parecen útiles? [Resumir material didáctico (a partir de vídeos, de texto, etc.)]";"Relacionado con la docencia en el contexto universitario, ¿cuáles de la siguientes opciones de uso de chatbots le parecen útiles? [Responder a preguntas sobre el temario]";"Relacionado con la docencia en el contexto universitario, ¿cuáles de la siguientes opciones de uso de chatbots le parecen útiles? [Recordar fechas importantes (deadlines, entregas de trabajos...)]";"Relacionado con la docencia en el contexto universitario, ¿cuáles de la siguientes opciones de uso de chatbots le parecen útiles? [Tareas de traducción]";"Relacionado con la docencia en el contexto universitario, ¿cuáles de la siguientes opciones de uso de chatbots le parecen útiles? [Mejorar la calidad de mis trabajos (redacción de textos, programación, etc.)]";"Si le parece útil otro uso de chatbots relacionado con la docencia en el contexto universitario puede indicarlo aquí:";"Lea y valore las siguientes afirmaciones sobre chatbots. [Los chatbots proporcionan respuestas confiables y precisas a mis preguntas académicas.]";"Lea y valore las siguientes afirmaciones sobre chatbots. [Los chatbots pueden ofrecer explicaciones claras y comprensibles sobre temas complejos.]";"Lea y valore las siguientes afirmaciones sobre chatbots. [Los chatbots me ayudan con mis tareas y proyectos.]";"Lea y valore las siguientes afirmaciones sobre chatbots. [Los chatbots deben ser una parte integral de la experiencia educativa de un/a estudiante.]";"Lea y valore las siguientes afirmaciones sobre chatbots. [Los chatbots pueden ayudar a mejorar las habilidades de estudio y aprendizaje.]";"Lea y valore las siguientes afirmaciones sobre chatbots. [El uso de chatbots en el ámbito universitario es ético.]";"Lea y valore las siguientes afirmaciones sobre chatbots. [Los chatbots manejan correctamente los datos sensibles.]";"Lea y valore las siguientes afirmaciones sobre chatbots. [Los chatbots proporcionan información sesgada.]";"Lea y valore las siguientes afirmaciones sobre chatbots. [El uso de chatbots conduce a la dependencia tecnológica.]";"Lea y valore las siguientes afirmaciones sobre chatbots. [Los chatbots no respetan la privacidad de los usuarios.]";"Lea y valore las siguientes afirmaciones sobre chatbots. [El uso de chatbots conduce a una falta de pensamiento crítico.]";"¿Cuál es su campo de estudio/área de trabajo?";"¿Qué edad tiene?";"¿Con qué género se identifica?";"Déjenos aquí cualquier comentario que quiera hacernos llegar sobre esta encuesta."
3/14/2025 16:40:32;;;;;;;;;;;;;;;;;;;;;;;;;;;;;;;;;;;;;;;;;;;;;;"Ciencias Biomédicas";20;"Masculino";
3/14/2025 16:41:11;;;;;;;;;;;;;;;;;;;;;;;;;;;;;;;;;;;;;;;;;;;;;;"Ingenierías de la Comunicación, Computación y Electrónica";20;"Masculino";
3/14/2025 16:41:37;;;;;;;;;;;;;;;;;;;;;;;;;;;;;;;;;;;;;;;;;;;;;;"Ingenierías de la Comunicación, Computación y Electrónica";20;"Masculino";
3/14/2025 16:41:51;;;;;;;;;;;;;;;;;;;;;;;;;;;;;;;;;;;;;;;;;;;;;;"Matemáticas y Física";22;"Masculino";
3/14/2025 16:42:12;;;;;;;;;;;;;;;;;;;;;;;;;;;;;;;;;;;;;;;;;;;;;;"Ingenierías de la Comunicación, Computación y Electrónica";21;"Femenino";
3/14/2025 16:42:46;;;;;;;;;;;;;;;;;;;;;;;;;;;;;;;;;;;;;;;;;;;;;;"Ingeniería Informática y Matemáticas";20;"Masculino";
3/14/2025 16:43:28;;;;;;;;;;;;;;;;;;;;;;;;;;;;;;;;;;;;;;;;;;;;;;"Ingenierías de la Comunicación, Computación y Electrónica";22;"Femenino";
3/14/2025 16:43:43;;;;;;;;;;;;;;;;;;;;;;;;;;;;;;;;;;;;;;;;;;;;;;"Ingenierías de la Comunicación, Computación y Electrónica";20;"Masculino";
3/14/2025 16:43:47;;;;;;;;;;;;;;;;;;;;;;;;;;;;;;;;;;;;;;;;;;;;;;"Ingenierías de la Comunicación, Computación y Electrónica";21;"Femenino";
3/14/2025 16:44:01;;;;;;;;;;;;;;;;;;;;;;;;;;;;;;;;;;;;;;;;;;;;;;"Ingenierías de la Comunicación, Computación y Electrónica";20;"Masculino";
3/14/2025 16:44:18;;;;;;;;;;;;;;;;;;;;;;;;;;;;;;;;;;;;;;;;;;;;;;"Ingenierías de la Comunicación, Computación y Electrónica";23;"Femenino";
3/14/2025 16:44:25;;;;;;;;;;;;;;;;;;;;;;;;;;;;;;;;;;;;;;;;;;;;;;"Ingeniería Informática y Matemáticas";20;"Masculino";"Pablo pon el examen de ISE fácil por favor "
3/14/2025 16:44:27;;;;;;;;;;;;;;;;;;;;;;;;;;;;;;;;;;;;;;;;;;;;;;"Ingenierías de la Comunicación, Computación y Electrónica";20;"Masculino";
3/14/2025 16:44:30;;;;;;;;;;;;;;;;;;;;;;;;;;;;;;;;;;;;;;;;;;;;;;"Ingenierías de la Comunicación, Computación y Electrónica";20;"Femenino";"Pablo, pon el examen de ISE fácil"
3/14/2025 16:44:39;;;;;;;;;;;;;;;;;;;;;;;;;;;;;;;;;;;;;;;;;;;;;;"Ingenierías de la Comunicación, Computación y Electrónica";20;"Prefiero no decirlo";
3/14/2025 16:44:52;;;;;;;;;;;;;;;;;;;;;;;;;;;;;;;;;;;;;;;;;;;;;;"Ingenierías de la Comunicación, Computación y Electrónica";20;"Masculino";
3/14/2025 16:45:34;;;;;;;;;;;;;;;;;;;;;;;;;;;;;;;;;;;;;;;;;;;;;;"Empresiarales y ciencias de la computación";21;"Femenino";
3/14/2025 16:45:52;;;;;;;;;;;;;;;;;;;;;;;;;;;;;;;;;;;;;;;;;;;;;;"Matemáticas e Informática";24;"Masculino";
3/14/2025 16:46:03;;;;;;;;;;;;;;;;;;;;;;;;;;;;;;;;;;;;;;;;;;;;;;"Ingenierías de la Comunicación, Computación y Electrónica";20;"Masculino";
3/14/2025 16:46:04;;;;;;;;;;;;;;;;;;;;;;;;;;;;;;;;;;;;;;;;;;;;;;"Ingeniería informática y matemáticas";21;"Masculino";"Minucia, pero se debería separar ""matematicas y fisica"" para casos como el mío"
3/14/2025 16:46:30;;;;;;;;;;;;;;;;;;;;;;;;;;;;;;;;;;;;;;;;;;;;;;"Matemáticas e Informática";20;"Masculino";
3/14/2025 16:46:38;;;;;;;;;;;;;;;;;;;;;;;;;;;;;;;;;;;;;;;;;;;;;;"Ingenierías de la Comunicación, Computación y Electrónica";20;"Femenino";
3/14/2025 16:47:10;;;;;;;;;;;;;;;;;;;;;;;;;;;;;;;;;;;;;;;;;;;;;;"Ingeniería informática y ciencias económicas y empresariales";21;"Femenino";
3/14/2025 16:47:43;;;;;;;;;;;;;;;;;;;;;;;;;;;;;;;;;;;;;;;;;;;;;;"Ingeniería Informática y Matemáticas ";20;"Femenino";
3/14/2025 16:47:58;;;;;;;;;;;;;;;;;;;;;;;;;;;;;;;;;;;;;;;;;;;;;;"Ingeniería informática y administración y dirección de empresas";20;"Masculino";"Los chatbots son herramientas que pueden ser útiles en una multitud de casos, pero su abuso supone una reducción de la calidad en el aprendizaje del estudiante."
3/14/2025 16:48:34;;;;;;;;;;;;;;;;;;;;;;;;;;;;;;;;;;;;;;;;;;;;;;"Ingenierías de la Comunicación, Computación y Electrónica";20;"Masculino";
3/14/2025 16:48:43;;;;;;;;;;;;;;;;;;;;;;;;;;;;;;;;;;;;;;;;;;;;;;"Informática y Matemáticas";20;"Femenino";"Falta el doble de informatica y matematicas.
En algunas preguntas falta la opcion depende de como se use."
3/14/2025 16:55:22;;;;;;;;;;;;;;;;;;;;;;;;;;;;;;;;;;;;;;;;;;;;;;"Matemáticas y Física";20;"Masculino";"En una de las preguntas, no recuerdo cuál, dice me gustaría hacerlo o algo así, y creo que sería prudente añadir otra opción no lo he hecho o similar. Lo demás correcto."
3/14/2025 17:00:16;;;;;;;;;;;;;;;;;;;;;;;;;;;;;;;;;;;;;;;;;;;;;;"Ingenierías de la Comunicación, Computación y Electrónica";23;"Masculino";"Me encantaría saber el resultado y las conclusiones que sacan con el siguiente estudio, ya que me parece un tema muy interesante y de gran importancia para el futuro."
3/14/2025 17:06:34;;;;;;;;;;;;;;;;;;;;;;;;;;;;;;;;;;;;;;;;;;;;;;"Ingenierías de la Comunicación, Computación y Electrónica";23;"Masculino";"Me gustaría saber el resultado y las conclusiones sacadas del siguiente estudio, ya que me parece muy interesante y de gran importancia para nuestro futuro."
3/14/2025 17:12:54;;;;;;;;;;;;;;;;;;;;;;;;;;;;;;;;;;;;;;;;;;;;;;"Ingenierías de la Comunicación, Computación y Electrónica";20;"Masculino";
3/14/2025 17:29:32;;;;;;;;;;;;;;;;;;;;;;;;;;;;;;;;;;;;;;;;;;;;;;"Matemáticas e Ingeniería Informática";20;"Masculino";"Pienso que debe ser el estudiante quien ponga el límite en el uso de chatbots en su educación."
3/14/2025 17:34:25;;;;;;;;;;;;;;;;;;;;;;;;;;;;;;;;;;;;;;;;;;;;;;"Matemáticas e Ingeniería Informática ";20;"Masculino";
3/14/2025 17:39:41;;;;;;;;;;;;;;;;;;;;;;;;;;;;;;;;;;;;;;;;;;;;;;"Matemáticas e informática ";20;"Femenino";
3/14/2025 17:42:15;;;;;;;;;;;;;;;;;;;;;;;;;;;;;;;;;;;;;;;;;;;;;;"Informática y Matemáticas";20;"Masculino";
3/14/2025 17:51:26;;;;;;;;;;;;;;;;;;;;;;;;;;;;;;;;;;;;;;;;;;;;;;"Ciencias e ingeniería";21;"Femenino";
3/14/2025 23:10:03;;;;;;;;;;;;;;;;;;;;;;;;;;;;;;;;;;;;;;;;;;;;;;"Ingenierías de la Comunicación, Computación y Electrónica";20;"Masculino";
3/15/2025 10:20:29;;;;;;;;;;;;;;;;;;;;;;;;;;;;;;;;;;;;;;;;;;;;;;"Ingenierías de la Comunicación, Computación y Electrónica";20;"Masculino";
3/19/2025 21:01:33;"Correo electrónico, Telegram, WhatsApp";"Clases presenciales en el aula, Correos electrónicos";"Importante";"Muy importante";"Muy importante";"Importante";"Muy importante";"Importante";"Moderadamente importante";"Muy importante";"Importante";"Importante";"Lo uso en el conexto universitario";"Lo conozco pero no lo he usado";"Lo uso en el conexto universitario";"Lo uso en el conexto universitario";"Lo conozco pero no lo he usado";"Lo uso en el conexto universitario";"Lo uso en el conexto universitario";;"A veces";"Lo he hecho";"Lo he hecho";"Lo he hecho";"Me gustaría hacerlo";"No me parece útil";"Me gustaría hacerlo";"Me gustaría hacerlo";"Lo he hecho";"Me gustaría hacerlo";"Me gustaría hacerlo";"Lo he hecho";"Lo he hecho";;"Más bien de acuerdo";"Ni estoy de acuerdo ni en desacuerdo";"Más bien de acuerdo";"Ni estoy de acuerdo ni en desacuerdo";"Más bien de acuerdo";"Ni estoy de acuerdo ni en desacuerdo";"Ni estoy de acuerdo ni en desacuerdo";"Más bien de acuerdo";"Más bien de acuerdo";"Más bien de acuerdo";"Más bien de acuerdo";"Ingenierías de la Comunicación, Computación y Electrónica";51;"Masculino";"¡muy interesante!"
3/19/2025 21:12:20;;;;;;;;;;;;;;;;;;;;;;;;;;;;;;;;;;;;;;;;;;;;;;"Ingenierías de la Comunicación, Computación y Electrónica";36;"Masculino";
3/20/2025 9:00:08;"Correo electrónico, Plataforma de gestión del aprendizaje (Prado, Moodle, Ecampus, etc.), Google Meet";"Clases presenciales en el aula, Mensajes en plataformas de aprendizaje, Correos electrónicos";"Moderadamente importante";"Importante";"Importante";"Muy importante";"Muy importante";"Poco importante";"Importante";"Importante";"Muy importante";"Importante";"Lo conozco pero no lo he usado";"Lo uso en el conexto universitario";"No lo conozco";"No lo conozco";"No lo conozco";"No lo conozco";"No lo conozco";;"Casi nunca";"Me gustaría hacerlo";"Me gustaría hacerlo";"No me parece útil";"No me parece útil";"Me gustaría hacerlo";"No me parece útil";"Me gustaría hacerlo";;;"Me gustaría hacerlo";"Lo he hecho";;;"Estoy en desacuerdo";"Más bien en desacuerdo";"Ni estoy de acuerdo ni en desacuerdo";"Más bien en desacuerdo";"Más bien en desacuerdo";"Más bien en desacuerdo";"Estoy en desacuerdo";"Completamente de acuerdo";"Ni estoy de acuerdo ni en desacuerdo";"Más bien de acuerdo";"Ni estoy de acuerdo ni en desacuerdo";"Ingenierías de la Comunicación, Computación y Electrónica";56;"Prefiero no decirlo";
3/20/2025 9:46:27;"Correo electrónico, Plataforma de gestión del aprendizaje (Prado, Moodle, Ecampus, etc.), Telegram, Microsoft Teams, Discord";"Correos electrónicos, Chats en tiempo real (mensajería instantánea), Clases presenciales en el aula";"Importante";"Muy importante";"Importante";"Moderadamente importante";"Muy importante";"Muy importante";"Muy importante";"Moderadamente importante";"Moderadamente importante";"Importante";"Lo uso tanto en el conexto universitario como para otras tareas";"Lo uso en el conexto universitario";"Lo conozco pero no lo he usado";"Lo conozco pero no lo he usado";"Lo uso tanto en el conexto universitario como para otras tareas";"Lo conozco pero no lo he usado";"Lo conozco pero no lo he usado";"Elicit";"Casi siempre";"Lo he hecho";"Lo he hecho";"Lo he hecho";"Me gustaría hacerlo";"Me gustaría hacerlo";"No me parece útil";"Me gustaría hacerlo";"Me gustaría hacerlo";"Me gustaría hacerlo";"No me parece útil";"Lo he hecho";"Lo he hecho";;"Más bien en desacuerdo";"Más bien de acuerdo";"Completamente de acuerdo";"Más bien de acuerdo";"Completamente de acuerdo";"Más bien de acuerdo";"Más bien en desacuerdo";"Más bien de acuerdo";"Más bien de acuerdo";"Completamente de acuerdo";"Más bien de acuerdo";"Ingenierías de la Comunicación, Computación y Electrónica";40;"Masculino";
3/20/2025 10:19:36;"Correo electrónico, Plataforma de gestión del aprendizaje (Prado, Moodle, Ecampus, etc.)";"Mensajes en plataformas de aprendizaje, Clases presenciales en el aula, Correos electrónicos";"Importante";"Importante";"Moderadamente importante";"Importante";"Muy importante";"Moderadamente importante";"Importante";"Importante";"Muy importante";"Importante";;"Lo uso tanto en el conexto universitario como para otras tareas";"Lo uso tanto en el conexto universitario como para otras tareas";;"Lo uso en el conexto universitario";;;;"A veces";"Lo he hecho";"Me gustaría hacerlo";"Me gustaría hacerlo";"Me gustaría hacerlo";"No me parece útil";"No me parece útil";"Me gustaría hacerlo";"Lo he hecho";"Lo he hecho";"No me parece útil";"Lo he hecho";"Lo he hecho";;"Más bien de acuerdo";"Más bien de acuerdo";"Más bien de acuerdo";"Más bien de acuerdo";"Ni estoy de acuerdo ni en desacuerdo";"Ni estoy de acuerdo ni en desacuerdo";"Ni estoy de acuerdo ni en desacuerdo";"Más bien de acuerdo";"Completamente de acuerdo";"Ni estoy de acuerdo ni en desacuerdo";"Ni estoy de acuerdo ni en desacuerdo";"Ingenierías de la Comunicación, Computación y Electrónica";67;"Masculino";
3/20/2025 10:41:50;"Correo electrónico, Plataforma de gestión del aprendizaje (Prado, Moodle, Ecampus, etc.)";"Correos electrónicos, Clases presenciales en el aula";"Moderadamente importante";"Importante";"Muy importante";"Muy importante";"Muy importante";"Muy importante";"Muy importante";"Importante";"Importante";"Moderadamente importante";"Lo uso para otras tareas";"Lo uso tanto en el conexto universitario como para otras tareas";"Lo uso para otras tareas";"Lo conozco pero no lo he usado";"Lo conozco pero no lo he usado";"Lo conozco pero no lo he usado";"Lo conozco pero no lo he usado";;"Casi siempre";"Lo he hecho";"Me gustaría hacerlo";"Me gustaría hacerlo";"Lo he hecho";"Lo he hecho";"No me parece útil";"Me gustaría hacerlo";"Lo he hecho";"Me gustaría hacerlo";"No me parece útil";"Lo he hecho";"Lo he hecho";;"Más bien de acuerdo";"Completamente de acuerdo";"Más bien de acuerdo";"Más bien de acuerdo";"Completamente de acuerdo";"Más bien de acuerdo";"Más bien de acuerdo";"Ni estoy de acuerdo ni en desacuerdo";"Ni estoy de acuerdo ni en desacuerdo";"Ni estoy de acuerdo ni en desacuerdo";"Más bien en desacuerdo";"Ingenierías de la Comunicación, Computación y Electrónica";27;"Masculino";
3/20/2025 11:01:25;"Correo electrónico";"Videoconferencias en tiempo real, Clases presenciales en el aula";"Muy importante";"Muy importante";"Muy importante";"Muy importante";"Muy importante";"Importante";"Moderadamente importante";"Muy importante";"Muy importante";"Muy importante";"Lo conozco pero no lo he usado";"No lo conozco";"Lo uso para otras tareas";"No lo conozco";"No lo conozco";"No lo conozco";"No lo conozco";;"Casi nunca";"Me gustaría hacerlo";"Me gustaría hacerlo";"Me gustaría hacerlo";"Me gustaría hacerlo";"Me gustaría hacerlo";"No me parece útil";"Me gustaría hacerlo";"Me gustaría hacerlo";"Me gustaría hacerlo";"Me gustaría hacerlo";"Lo he hecho";"Me gustaría hacerlo";;"Más bien en desacuerdo";"Ni estoy de acuerdo ni en desacuerdo";"Ni estoy de acuerdo ni en desacuerdo";"Más bien en desacuerdo";"Más bien de acuerdo";"Ni estoy de acuerdo ni en desacuerdo";"Estoy en desacuerdo";"Completamente de acuerdo";"Completamente de acuerdo";"Completamente de acuerdo";"Completamente de acuerdo";"Ingenierías de la Comunicación, Computación y Electrónica";50;"Masculino";
3/20/2025 13:10:38;"Correo electrónico, Plataforma de gestión del aprendizaje (Prado, Moodle, Ecampus, etc.)";"Clases presenciales en el aula, Correos electrónicos";"Moderadamente importante";"Moderadamente importante";"Moderadamente importante";"Moderadamente importante";"Moderadamente importante";"Moderadamente importante";"Moderadamente importante";"Moderadamente importante";"Moderadamente importante";"Moderadamente importante";"No lo conozco";"No lo conozco";"No lo conozco";"No lo conozco";"No lo conozco";"No lo conozco";"No lo conozco";;"Nunca";"Me gustaría hacerlo";"Me gustaría hacerlo";"Me gustaría hacerlo";"Me gustaría hacerlo";"Me gustaría hacerlo";"Me gustaría hacerlo";"Me gustaría hacerlo";"Me gustaría hacerlo";"Me gustaría hacerlo";"Me gustaría hacerlo";"Me gustaría hacerlo";"Me gustaría hacerlo";;"Ni estoy de acuerdo ni en desacuerdo";"Ni estoy de acuerdo ni en desacuerdo";"Ni estoy de acuerdo ni en desacuerdo";"Ni estoy de acuerdo ni en desacuerdo";"Ni estoy de acuerdo ni en desacuerdo";"Ni estoy de acuerdo ni en desacuerdo";"Ni estoy de acuerdo ni en desacuerdo";"Ni estoy de acuerdo ni en desacuerdo";"Ni estoy de acuerdo ni en desacuerdo";"Ni estoy de acuerdo ni en desacuerdo";"Ni estoy de acuerdo ni en desacuerdo";"Filosofía, Filología y Lingüística";61;"Masculino";
3/20/2025 13:14:17;"Correo electrónico, Plataforma de gestión del aprendizaje (Prado, Moodle, Ecampus, etc.), Microsoft Teams, CiscoWeb";"Mensajes en plataformas de aprendizaje, Clases presenciales en el aula, Correos electrónicos, Tutorías en CiscoWeb";"Muy importante";"Muy importante";"Muy importante";"Muy importante";"Muy importante";"Muy importante";"Muy importante";"Muy importante";"Muy importante";"Muy importante";"Lo uso tanto en el conexto universitario como para otras tareas";;;;;;;;"A veces";"Me gustaría hacerlo";"Lo he hecho";"Me gustaría hacerlo";"Me gustaría hacerlo";"No me parece útil";"Me gustaría hacerlo";"Me gustaría hacerlo";"Me gustaría hacerlo";"Lo he hecho";"No me parece útil";"Lo he hecho";"Lo he hecho";;"Más bien de acuerdo";"Más bien de acuerdo";"Más bien de acuerdo";"Ni estoy de acuerdo ni en desacuerdo";"Más bien de acuerdo";"Ni estoy de acuerdo ni en desacuerdo";"Ni estoy de acuerdo ni en desacuerdo";"Más bien de acuerdo";"Más bien de acuerdo";"Más bien en desacuerdo";"Más bien de acuerdo";"Filosofía, Filología y Lingüística";57;"Femenino";"Podria plantearse si es eficaz según el área de especialización "
3/20/2025 13:27:29;"Correo electrónico, Plataforma de gestión del aprendizaje (Prado, Moodle, Ecampus, etc.)";"Clases presenciales en el aula, Mensajes en plataformas de aprendizaje";"Importante";"Muy importante";"Muy importante";"Muy importante";"Muy importante";"Importante";"Importante";"Muy importante";"Muy importante";"Importante";"Lo uso tanto en el conexto universitario como para otras tareas";"No lo conozco";"No lo conozco";"No lo conozco";"No lo conozco";"No lo conozco";"No lo conozco";;"A veces";"Lo he hecho";"Lo he hecho";"Me gustaría hacerlo";"No me parece útil";"Me gustaría hacerlo";"No me parece útil";"Me gustaría hacerlo";"Me gustaría hacerlo";"No me parece útil";"No me parece útil";"Lo he hecho";"Lo he hecho";;"Ni estoy de acuerdo ni en desacuerdo";"Más bien de acuerdo";"Más bien de acuerdo";"Más bien en desacuerdo";"Más bien en desacuerdo";"Ni estoy de acuerdo ni en desacuerdo";"Más bien en desacuerdo";"Más bien de acuerdo";"Más bien de acuerdo";"Ni estoy de acuerdo ni en desacuerdo";"Completamente de acuerdo";"Filosofía, Filología y Lingüística";36;"Femenino";
3/20/2025 13:33:13;"Correo electrónico, Plataforma de gestión del aprendizaje (Prado, Moodle, Ecampus, etc.), Slack, Teams";"Correos electrónicos, Mensajes en plataformas de aprendizaje";"Poco importante";"Muy importante";"Moderadamente importante";"Importante";"Importante";"Muy importante";"Nada importante";"Moderadamente importante";"Importante";"Importante";"Lo uso tanto en el conexto universitario como para otras tareas";"Lo uso para otras tareas";"Lo uso para otras tareas";"Lo conozco pero no lo he usado";"Lo conozco pero no lo he usado";"Lo conozco pero no lo he usado";"Lo conozco pero no lo he usado";;"Casi siempre";"Lo he hecho";"Lo he hecho";"Me gustaría hacerlo";"Lo he hecho";"Me gustaría hacerlo";"No me parece útil";"Me gustaría hacerlo";"Me gustaría hacerlo";"Lo he hecho";"Me gustaría hacerlo";"Lo he hecho";"Lo he hecho";;"Ni estoy de acuerdo ni en desacuerdo";"Más bien en desacuerdo";"Más bien de acuerdo";"Completamente de acuerdo";"Completamente de acuerdo";"Completamente de acuerdo";"Ni estoy de acuerdo ni en desacuerdo";"Completamente de acuerdo";"Ni estoy de acuerdo ni en desacuerdo";"Ni estoy de acuerdo ni en desacuerdo";"Estoy en desacuerdo";"Ingenierías de la Comunicación, Computación y Electrónica";42;"Femenino";
3/20/2025 13:36:41;;;;;;;;;;;;;;;;;;;;;;;;;;;;;;;;;;;;;;;;;;;;;;"Ingenierías de la Comunicación, Computación y Electrónica";21;"Masculino";
3/20/2025 13:39:51;"Correo electrónico, Plataforma de gestión del aprendizaje (Prado, Moodle, Ecampus, etc.)";"Clases presenciales en el aula";"Importante";"Muy importante";"Muy importante";"Importante";"Muy importante";"Importante";"Importante";"Importante";"Muy importante";"Muy importante";"Lo conozco pero no lo he usado";"No lo conozco";"Lo conozco pero no lo he usado";"No lo conozco";"No lo conozco";"No lo conozco";"No lo conozco";;"Nunca";;;;;;;;;;;;;;"Estoy en desacuerdo";"Más bien de acuerdo";"Más bien de acuerdo";"Más bien en desacuerdo";"Ni estoy de acuerdo ni en desacuerdo";"Ni estoy de acuerdo ni en desacuerdo";"Más bien en desacuerdo";"Ni estoy de acuerdo ni en desacuerdo";"Más bien de acuerdo";"Ni estoy de acuerdo ni en desacuerdo";"Completamente de acuerdo";"Ingenierías de la Comunicación, Computación y Electrónica";58;"Femenino";"no uso chatbots. Mis respuestas podrían no ser del todo útiles"
3/20/2025 13:41:06;"Correo electrónico, Plataforma de gestión del aprendizaje (Prado, Moodle, Ecampus, etc.), Microsoft Teams, Google Meet";"Clases presenciales en el aula, Correos electrónicos, tutoría presencial en el despacho";"Muy importante";"Muy importante";"Muy importante";"Muy importante";"Muy importante";"Muy importante";"Muy importante";"Muy importante";"Muy importante";"Muy importante";"Lo uso en el conexto universitario";"Lo uso en el conexto universitario";"Lo uso en el conexto universitario";"No lo conozco";"No lo conozco";"Lo conozco pero no lo he usado";"No lo conozco";;"Casi nunca";"Me gustaría hacerlo";"Me gustaría hacerlo";"No me parece útil";"Me gustaría hacerlo";"No me parece útil";"No me parece útil";"No me parece útil";"Me gustaría hacerlo";"Me gustaría hacerlo";"No me parece útil";"Me gustaría hacerlo";"Me gustaría hacerlo";;"Más bien en desacuerdo";"Ni estoy de acuerdo ni en desacuerdo";"Ni estoy de acuerdo ni en desacuerdo";"Más bien en desacuerdo";"Más bien de acuerdo";"Más bien en desacuerdo";"Más bien en desacuerdo";"Más bien de acuerdo";"Más bien de acuerdo";"Más bien de acuerdo";"Más bien en desacuerdo";"Ingenierías de la Comunicación, Computación y Electrónica";61;"Masculino";
3/20/2025 13:45:12;"Correo electrónico, Plataforma de gestión del aprendizaje (Prado, Moodle, Ecampus, etc.)";"Correos electrónicos, Clases presenciales en el aula";"Poco importante";"Importante";"Importante";"Importante";"Importante";"Moderadamente importante";"Poco importante";"Moderadamente importante";"Muy importante";"Nada importante";"Lo uso en el conexto universitario";"Lo uso en el conexto universitario";"Lo conozco pero no lo he usado";"Lo conozco pero no lo he usado";"No lo conozco";"No lo conozco";"Lo conozco pero no lo he usado";;"A veces";"Lo he hecho";"Me gustaría hacerlo";"Me gustaría hacerlo";"Me gustaría hacerlo";;"No me parece útil";"No me parece útil";"No me parece útil";"No me parece útil";"No me parece útil";"Lo he hecho";"Lo he hecho";;"Más bien de acuerdo";"Ni estoy de acuerdo ni en desacuerdo";"Completamente de acuerdo";"Más bien en desacuerdo";"Ni estoy de acuerdo ni en desacuerdo";"Más bien en desacuerdo";"Más bien en desacuerdo";"Más bien de acuerdo";"Completamente de acuerdo";"Más bien en desacuerdo";"Completamente de acuerdo";"Ingenierías de la Comunicación, Computación y Electrónica";57;"Masculino";
3/20/2025 13:47:01;;;;;;;;;;;;;;;;;;;;;;;;;;;;;;;;;;;;;;;;;;;;;;"Ingenierías de la Comunicación, Computación y Electrónica";21;"Femenino";
3/20/2025 13:59:03;;;;;;;;;;;;;;;;;;;;;;;;;;;;;;;;;;;;;;;;;;;;;;"Ingenierías de la Comunicación, Computación y Electrónica";29;"Masculino";
3/20/2025 14:34:17;;;;;;;;;;;;;;;;;;;;;;;;;;;;;;;;;;;;;;;;;;;;;;"Ingenierías de la Comunicación, Computación y Electrónica";20;"Masculino";
3/20/2025 15:04:46;;;;;;;;;;;;;;;;;;;;;;;;;;;;;;;;;;;;;;;;;;;;;;"Ingenierías de la Comunicación, Computación y Electrónica";21;"Femenino";"Creo que el uso inadecuado de los chatbots puede ser muy perjudicial. Me parece que lo absolutamente necesario es enseñarle a los alumnos como usarlo como herramienta sin desarrollar una dependencia. Por si solos creo que son una herramienta muy potente siempre que se usen correctamente."
3/20/2025 15:38:27;;;;;;;;;;;;;;;;;;;;;;;;;;;;;;;;;;;;;;;;;;;;;;"Ingenierías de la Comunicación, Computación y Electrónica";20;"Masculino";
3/20/2025 16:58:13;;;;;;;;;;;;;;;;;;;;;;;;;;;;;;;;;;;;;;;;;;;;;;"ingeniería informática y matemáticas ";22;"Femenino";
3/20/2025 17:15:06;"Correo electrónico, Plataforma de gestión del aprendizaje (Prado, Moodle, Ecampus, etc.), WhatsApp";"Clases presenciales en el aula, Correos electrónicos";"Importante";"Muy importante";"Importante";"Importante";"Muy importante";"Importante";"Importante";"Muy importante";"Importante";"Importante";"Lo uso tanto en el conexto universitario como para otras tareas";"Lo uso tanto en el conexto universitario como para otras tareas";"Lo conozco pero no lo he usado";"Lo conozco pero no lo he usado";"Lo conozco pero no lo he usado";"Lo conozco pero no lo he usado";"Lo conozco pero no lo he usado";;"A veces";"Me gustaría hacerlo";"Me gustaría hacerlo";"Me gustaría hacerlo";"Me gustaría hacerlo";"Me gustaría hacerlo";"Me gustaría hacerlo";"Me gustaría hacerlo";"Me gustaría hacerlo";"Me gustaría hacerlo";"No me parece útil";"Lo he hecho";"Lo he hecho";;"Ni estoy de acuerdo ni en desacuerdo";"Más bien de acuerdo";"Completamente de acuerdo";"Completamente de acuerdo";"Más bien de acuerdo";"Completamente de acuerdo";"Ni estoy de acuerdo ni en desacuerdo";"Ni estoy de acuerdo ni en desacuerdo";"Ni estoy de acuerdo ni en desacuerdo";"Ni estoy de acuerdo ni en desacuerdo";"Ni estoy de acuerdo ni en desacuerdo";"Ingenierías de la Comunicación, Computación y Electrónica";41;"Masculino";
3/20/2025 17:28:59;"Correo electrónico, Plataforma de gestión del aprendizaje (Prado, Moodle, Ecampus, etc.), WhatsApp";"Foros de discusión en línea, Correos electrónicos, Clases presenciales en el aula";"Importante";"Moderadamente importante";"Importante";"Moderadamente importante";"Muy importante";"Moderadamente importante";"Moderadamente importante";"Importante";"Importante";"Moderadamente importante";"Lo uso tanto en el conexto universitario como para otras tareas";"Lo uso para otras tareas";"Lo uso para otras tareas";"Lo conozco pero no lo he usado";"Lo conozco pero no lo he usado";"Lo conozco pero no lo he usado";"Lo uso para otras tareas";;"Casi siempre";"Lo he hecho";"Lo he hecho";"Me gustaría hacerlo";"Me gustaría hacerlo";"Me gustaría hacerlo";"No me parece útil";"Me gustaría hacerlo";"Me gustaría hacerlo";"Me gustaría hacerlo";"No me parece útil";"Lo he hecho";"Lo he hecho";;"Más bien de acuerdo";"Más bien de acuerdo";"Completamente de acuerdo";"Completamente de acuerdo";"Completamente de acuerdo";"Más bien de acuerdo";"Más bien en desacuerdo";"Ni estoy de acuerdo ni en desacuerdo";"Ni estoy de acuerdo ni en desacuerdo";"Completamente de acuerdo";"Más bien en desacuerdo";"Ingenierías de la Comunicación, Computación y Electrónica";42;"Masculino";
3/20/2025 17:47:02;"Correo electrónico, Plataforma de gestión del aprendizaje (Prado, Moodle, Ecampus, etc.)";"Mensajes en plataformas de aprendizaje, Videoconferencias en tiempo real, Correos electrónicos";"Importante";"Muy importante";"Muy importante";"Muy importante";"Muy importante";"Importante";"Muy importante";"Muy importante";"Muy importante";"Muy importante";"Lo uso tanto en el conexto universitario como para otras tareas";"Lo conozco pero no lo he usado";"Lo uso tanto en el conexto universitario como para otras tareas";"No lo conozco";"Lo conozco pero no lo he usado";"Lo conozco pero no lo he usado";"No lo conozco";;"A veces";"Lo he hecho";"Lo he hecho";"Me gustaría hacerlo";"No me parece útil";"Me gustaría hacerlo";"No me parece útil";"Me gustaría hacerlo";"No me parece útil";"No me parece útil";"Me gustaría hacerlo";;"No me parece útil";"corrección de textos en L2";"Más bien en desacuerdo";"Ni estoy de acuerdo ni en desacuerdo";"Ni estoy de acuerdo ni en desacuerdo";"Más bien de acuerdo";"Ni estoy de acuerdo ni en desacuerdo";"Ni estoy de acuerdo ni en desacuerdo";"Más bien en desacuerdo";"Completamente de acuerdo";"Más bien de acuerdo";"Más bien de acuerdo";"Más bien de acuerdo";"Filosofía, Filología y Lingüística";65;"Femenino";
3/20/2025 17:52:54;;;;;;;;;;;;;;;;;;;;;;;;;;;;;;;;;;;;;;;;;;;;;;"Ingenierías de la Comunicación, Computación y Electrónica";20;"Masculino";
3/20/2025 18:03:01;"Correo electrónico, Plataforma de gestión del aprendizaje (Prado, Moodle, Ecampus, etc.)";"Clases presenciales en el aula, Mensajes en plataformas de aprendizaje";"Poco importante";"Muy importante";"Muy importante";"Muy importante";"Muy importante";"Poco importante";"Importante";"Muy importante";"Muy importante";"Importante";"Lo conozco pero no lo he usado";"Lo uso en el conexto universitario";"No lo conozco";"No lo conozco";"No lo conozco";"Lo conozco pero no lo he usado";"No lo conozco";;"Casi nunca";"Me gustaría hacerlo";"Me gustaría hacerlo";"Me gustaría hacerlo";"Me gustaría hacerlo";"Me gustaría hacerlo";"Me gustaría hacerlo";"Me gustaría hacerlo";"Me gustaría hacerlo";"Me gustaría hacerlo";"Me gustaría hacerlo";"Me gustaría hacerlo";"Me gustaría hacerlo";;"Estoy en desacuerdo";"Ni estoy de acuerdo ni en desacuerdo";"Más bien en desacuerdo";"Ni estoy de acuerdo ni en desacuerdo";"Ni estoy de acuerdo ni en desacuerdo";"Ni estoy de acuerdo ni en desacuerdo";"Más bien en desacuerdo";"Completamente de acuerdo";"Más bien de acuerdo";"Más bien en desacuerdo";"Más bien de acuerdo";"Filosofía, Filología y Lingüística";55;"Prefiero no decirlo";
3/20/2025 18:39:50;"Correo electrónico, Plataforma de gestión del aprendizaje (Prado, Moodle, Ecampus, etc.), WhatsApp";"Clases presenciales en el aula, Mensajes en plataformas de aprendizaje, Correos electrónicos";"Muy importante";"Muy importante";"Muy importante";"Muy importante";"Muy importante";"Muy importante";"Muy importante";"Muy importante";"Muy importante";"Muy importante";"Lo uso para otras tareas";"Lo conozco pero no lo he usado";"Lo conozco pero no lo he usado";"Lo conozco pero no lo he usado";"No lo conozco";"Lo conozco pero no lo he usado";"No lo conozco";"Mistral, LlaMa (fase beta)";"A veces";"Lo he hecho";"Lo he hecho";"Lo he hecho";"Lo he hecho";"Lo he hecho";"Me gustaría hacerlo";"Lo he hecho";"Lo he hecho";"Me gustaría hacerlo";"Me gustaría hacerlo";"Lo he hecho";"Lo he hecho";"Transcripción de vídeos";"Más bien en desacuerdo";"Más bien de acuerdo";"Más bien de acuerdo";"Completamente de acuerdo";"Ni estoy de acuerdo ni en desacuerdo";"Ni estoy de acuerdo ni en desacuerdo";"Estoy en desacuerdo";"Completamente de acuerdo";"Estoy en desacuerdo";"Completamente de acuerdo";"Estoy en desacuerdo";"Filosofía, Filología y Lingüística";51;"Femenino";
3/20/2025 18:40:37;"Correo electrónico, Plataforma de gestión del aprendizaje (Prado, Moodle, Ecampus, etc.)";"Correos electrónicos, Clases presenciales en el aula, Videoconferencias en tiempo real";"Moderadamente importante";"Importante";"Importante";"Importante";"Importante";"Poco importante";"Moderadamente importante";"Importante";"Importante";"Moderadamente importante";"Lo uso tanto en el conexto universitario como para otras tareas";"Lo conozco pero no lo he usado";"Lo uso para otras tareas";"Lo conozco pero no lo he usado";"No lo conozco";"Lo uso en el conexto universitario";"Lo conozco pero no lo he usado";;"A veces";"Lo he hecho";"Me gustaría hacerlo";"Me gustaría hacerlo";"Lo he hecho";"No me parece útil";"No me parece útil";"No me parece útil";"Me gustaría hacerlo";"Me gustaría hacerlo";"No me parece útil";"Lo he hecho";"Lo he hecho";;"Ni estoy de acuerdo ni en desacuerdo";"Ni estoy de acuerdo ni en desacuerdo";"Más bien de acuerdo";"Ni estoy de acuerdo ni en desacuerdo";"Más bien de acuerdo";"Ni estoy de acuerdo ni en desacuerdo";"Ni estoy de acuerdo ni en desacuerdo";"Más bien de acuerdo";"Más bien de acuerdo";"Ni estoy de acuerdo ni en desacuerdo";"Ni estoy de acuerdo ni en desacuerdo";"Ingenierías de la Comunicación, Computación y Electrónica";63;"Masculino";
3/20/2025 20:25:41;;;;;;;;;;;;;;;;;;;;;;;;;;;;;;;;;;;;;;;;;;;;;;"Inteligencia Artificial";23;"Masculino";
3/20/2025 20:46:42;;;;;;;;;;;;;;;;;;;;;;;;;;;;;;;;;;;;;;;;;;;;;;"Ingenierías de la Comunicación, Computación y Electrónica";22;"Masculino";
3/21/2025 9:25:07;"Correo electrónico, Plataforma de gestión del aprendizaje (Prado, Moodle, Ecampus, etc.)";"Clases presenciales en el aula, Correos electrónicos";"Moderadamente importante";"Moderadamente importante";"Muy importante";"Importante";"Muy importante";"Moderadamente importante";"Poco importante";"Importante";"Importante";"Moderadamente importante";"Lo uso tanto en el conexto universitario como para otras tareas";"Lo uso para otras tareas";"Lo conozco pero no lo he usado";"Lo conozco pero no lo he usado";"No lo conozco";"Lo uso en el conexto universitario";"No lo conozco";"Llama";"A veces";"Lo he hecho";"Me gustaría hacerlo";"Me gustaría hacerlo";"Me gustaría hacerlo";"Me gustaría hacerlo";"No me parece útil";"No me parece útil";"Me gustaría hacerlo";"Me gustaría hacerlo";"No me parece útil";"No me parece útil";"Lo he hecho";;"Más bien en desacuerdo";"Más bien de acuerdo";"Más bien de acuerdo";"Más bien de acuerdo";"Ni estoy de acuerdo ni en desacuerdo";"Más bien de acuerdo";"Estoy en desacuerdo";"Más bien de acuerdo";"Más bien de acuerdo";"Completamente de acuerdo";"Completamente de acuerdo";"Ingenierías de la Comunicación, Computación y Electrónica";33;"Masculino";
3/21/2025 9:47:12;;;;;;;;;;;;;;;;;;;;;;;;;;;;;;;;;;;;;;;;;;;;;;"Ingenierías de la Comunicación, Computación y Electrónica";23;"Masculino";
3/21/2025 12:38:54;"Correo electrónico, Plataforma de gestión del aprendizaje (Prado, Moodle, Ecampus, etc.), Telegram";"Correos electrónicos, Clases presenciales en el aula, Videos pregrabados y materiales de lectura, Videoconferencias en tiempo real, Mensajes en plataformas de aprendizaje";"Importante";"Importante";"Importante";"Importante";"Importante";"Importante";"Importante";"Importante";"Importante";"Importante";"Lo uso para otras tareas";"Lo uso para otras tareas";;;;;;;"A veces";"Lo he hecho";"Lo he hecho";"Lo he hecho";"Lo he hecho";"Lo he hecho";"No me parece útil";"Me gustaría hacerlo";"Lo he hecho";"Lo he hecho";"Lo he hecho";"Lo he hecho";"Lo he hecho";;"Ni estoy de acuerdo ni en desacuerdo";"Más bien de acuerdo";"Más bien de acuerdo";"Más bien de acuerdo";"Más bien de acuerdo";"Más bien de acuerdo";"Ni estoy de acuerdo ni en desacuerdo";"Ni estoy de acuerdo ni en desacuerdo";"Más bien de acuerdo";"Ni estoy de acuerdo ni en desacuerdo";"Más bien de acuerdo";"Ingenierías de la Comunicación, Computación y Electrónica";46;"Masculino";
3/21/2025 13:05:15;"Correo electrónico, Plataforma de gestión del aprendizaje (Prado, Moodle, Ecampus, etc.), Telegram, WhatsApp";"Chats en tiempo real (mensajería instantánea), Videoconferencias en tiempo real";"Moderadamente importante";"Importante";"Importante";"Importante";"Muy importante";"Importante";"Importante";"Muy importante";"Importante";"Importante";"Lo uso tanto en el conexto universitario como para otras tareas";"Lo uso tanto en el conexto universitario como para otras tareas";"Lo uso tanto en el conexto universitario como para otras tareas";"Lo conozco pero no lo he usado";"Lo uso tanto en el conexto universitario como para otras tareas";"Lo conozco pero no lo he usado";"Lo conozco pero no lo he usado";;"Casi siempre";"Lo he hecho";"Lo he hecho";"Lo he hecho";"Lo he hecho";"Lo he hecho";"No me parece útil";"Lo he hecho";"Lo he hecho";"Lo he hecho";"Lo he hecho";"Lo he hecho";"Lo he hecho";;"Más bien en desacuerdo";"Ni estoy de acuerdo ni en desacuerdo";"Completamente de acuerdo";"Más bien de acuerdo";"Más bien de acuerdo";"Más bien de acuerdo";"Estoy en desacuerdo";"Ni estoy de acuerdo ni en desacuerdo";"Ni estoy de acuerdo ni en desacuerdo";"Completamente de acuerdo";"Más bien en desacuerdo";"Ingenierías de la Comunicación, Computación y Electrónica";41;"Prefiero no decirlo";
3/21/2025 16:00:03;;;;;;;;;;;;;;;;;;;;;;;;;;;;;;;;;;;;;;;;;;;;;;"Filosofía, Filología y Lingüística";19;"Femenino";
3/21/2025 16:20:01;;;;;;;;;;;;;;;;;;;;;;;;;;;;;;;;;;;;;;;;;;;;;;"Filosofía, Filología y Lingüística";19;"Femenino";
3/21/2025 17:39:30;;;;;;;;;;;;;;;;;;;;;;;;;;;;;;;;;;;;;;;;;;;;;;"Ingenierías de la Comunicación, Computación y Electrónica";20;"Masculino";
3/21/2025 18:24:51;;;;;;;;;;;;;;;;;;;;;;;;;;;;;;;;;;;;;;;;;;;;;;"Ingenierías de la Comunicación, Computación y Electrónica";24;"Masculino";
3/21/2025 18:47:17;;;;;;;;;;;;;;;;;;;;;;;;;;;;;;;;;;;;;;;;;;;;;;"Ingenierías de la Comunicación, Computación y Electrónica";20;"Masculino";
3/22/2025 18:42:14;;;;;;;;;;;;;;;;;;;;;;;;;;;;;;;;;;;;;;;;;;;;;;"Ingenierías de la Comunicación, Computación y Electrónica";22;"Femenino";
3/22/2025 19:08:58;;;;;;;;;;;;;;;;;;;;;;;;;;;;;;;;;;;;;;;;;;;;;;"Filosofía, Filología y Lingüística";19;"Femenino";
3/23/2025 22:53:05;"Correo electrónico, Plataforma de gestión del aprendizaje (Prado, Moodle, Ecampus, etc.)";"Clases presenciales en el aula, Mensajes en plataformas de aprendizaje, Correos electrónicos";"Importante";"Poco importante";"Moderadamente importante";"Muy importante";"Muy importante";"Moderadamente importante";"Moderadamente importante";"Muy importante";"Muy importante";"Moderadamente importante";"Lo uso para otras tareas";"Lo uso para otras tareas";"Lo uso para otras tareas";"No lo conozco";"No lo conozco";"Lo uso para otras tareas";"No lo conozco";"ChatGPT, Deekseek, Gemini";"Siempre";"Lo he hecho";"Lo he hecho";"Me gustaría hacerlo";"Me gustaría hacerlo";"Me gustaría hacerlo";"No me parece útil";"Me gustaría hacerlo";"Me gustaría hacerlo";"Me gustaría hacerlo";"No me parece útil";"Lo he hecho";"Lo he hecho";;"Más bien de acuerdo";"Completamente de acuerdo";"Completamente de acuerdo";"Completamente de acuerdo";"Completamente de acuerdo";"Ni estoy de acuerdo ni en desacuerdo";"Ni estoy de acuerdo ni en desacuerdo";"Más bien de acuerdo";"Más bien en desacuerdo";"Ni estoy de acuerdo ni en desacuerdo";"Más bien en desacuerdo";"Ingenierías de la Comunicación, Computación y Electrónica";37;"Masculino";
3/23/2025 23:09:08;;;;;;;;;;;;;;;;;;;;;;;;;;;;;;;;;;;;;;;;;;;;;;"Ingenierías de la Comunicación, Computación y Electrónica";21;"Masculino";
3/24/2025 16:34:48;;;;;;;;;;;;;;;;;;;;;;;;;;;;;;;;;;;;;;;;;;;;;;"Ingenierías de la Comunicación, Computación y Electrónica";22;"Masculino";
3/26/2025 14:15:43;;;;;;;;;;;;;;;;;;;;;;;;;;;;;;;;;;;;;;;;;;;;;;"Ingenierías de la Comunicación, Computación y Electrónica";21;"Masculino";
3/27/2025 8:48:29;"Correo electrónico, Plataforma de gestión del aprendizaje (Prado, Moodle, Ecampus, etc.), Google Meet";"Videoconferencias en tiempo real, Clases presenciales en el aula, Correos electrónicos";"Muy importante";"Muy importante";"Muy importante";"Moderadamente importante";"Muy importante";"Moderadamente importante";"Moderadamente importante";"Muy importante";"Muy importante";"Importante";"Lo uso tanto en el conexto universitario como para otras tareas";"Lo uso tanto en el conexto universitario como para otras tareas";"Lo uso tanto en el conexto universitario como para otras tareas";"Lo conozco pero no lo he usado";"Lo uso en el conexto universitario";"Lo conozco pero no lo he usado";"Lo uso en el conexto universitario";;"Casi siempre";"Lo he hecho";"Me gustaría hacerlo";"Me gustaría hacerlo";"Me gustaría hacerlo";;"Me gustaría hacerlo";"Me gustaría hacerlo";"Lo he hecho";"Me gustaría hacerlo";"Me gustaría hacerlo";"Lo he hecho";"Lo he hecho";;"Ni estoy de acuerdo ni en desacuerdo";"Más bien de acuerdo";"Más bien de acuerdo";"Más bien de acuerdo";"Más bien de acuerdo";"Completamente de acuerdo";"Estoy en desacuerdo";"Más bien de acuerdo";"Completamente de acuerdo";"Más bien de acuerdo";"Ni estoy de acuerdo ni en desacuerdo";"Ingenierías de la Comunicación, Computación y Electrónica";52;"Masculino";
3/27/2025 8:49:45;;;;;;;;;;;;;;;;;;;;;;;;;;;;;;;;;;;;;;;;;;;;;;"Biología Celular y Molecular";23;"Masculino";
3/27/2025 9:07:07;;;;;;;;;;;;;;;;;;;;;;;;;;;;;;;;;;;;;;;;;;;;;;"Ciencias Biomédicas";18;"Masculino";
3/27/2025 9:08:09;;;;;;;;;;;;;;;;;;;;;;;;;;;;;;;;;;;;;;;;;;;;;;"Ciencias Biomédicas";23;"Masculino";
3/27/2025 9:12:23;;;;;;;;;;;;;;;;;;;;;;;;;;;;;;;;;;;;;;;;;;;;;;"Traducción e Interpretación";22;"Prefiero no decirlo";"Ojalá se tuviera la fascinación suficiente por las personas como para meter la misma cantidad de pasta en recursos humanos."
3/27/2025 9:15:52;;;;;;;;;;;;;;;;;;;;;;;;;;;;;;;;;;;;;;;;;;;;;;"Ingenierías de la Comunicación, Computación y Electrónica";52;"Masculino";
3/27/2025 9:24:41;;;;;;;;;;;;;;;;;;;;;;;;;;;;;;;;;;;;;;;;;;;;;;"Ciencias del Comportamiento y de la Educación";19;"Femenino";
3/27/2025 9:35:29;;;;;;;;;;;;;;;;;;;;;;;;;;;;;;;;;;;;;;;;;;;;;;"Ingenierías de la Comunicación, Computación y Electrónica";19;"Masculino";"Aunque muchos creais que usar chatbots es sinónimo de copiarse, es una herramienta muy poderosa de estudio, sobre todo en las universidades, ya que hay una gra cantidad de profesores que explican de manera ultra deficiente y nada clara, por lo que te puede salvar una asignatura que se hace difícil por culpa de un profesor que hace mal su trabajo"
3/27/2025 9:41:32;;;;;;;;;;;;;;;;;;;;;;;;;;;;;;;;;;;;;;;;;;;;;;"Ciencias Biomédicas";20;"Femenino";
3/27/2025 9:43:53;;;;;;;;;;;;;;;;;;;;;;;;;;;;;;;;;;;;;;;;;;;;;;"Derecho y jurisprudencia";18;"Masculino";
3/27/2025 9:44:34;"Correo electrónico, Plataforma de gestión del aprendizaje (Prado, Moodle, Ecampus, etc.)";"Correos electrónicos, Mensajes en plataformas de aprendizaje, Clases presenciales en el aula";"Moderadamente importante";"Muy importante";"Muy importante";"Muy importante";"Muy importante";"Poco importante";"Moderadamente importante";"Muy importante";"Muy importante";"Muy importante";"Lo uso tanto en el conexto universitario como para otras tareas";"Lo uso tanto en el conexto universitario como para otras tareas";"Lo conozco pero no lo he usado";"No lo conozco";"No lo conozco";"No lo conozco";"Lo conozco pero no lo he usado";;"A veces";"Lo he hecho";"Me gustaría hacerlo";"Lo he hecho";"Me gustaría hacerlo";"No me parece útil";"No me parece útil";"Lo he hecho";"Lo he hecho";"Lo he hecho";"Me gustaría hacerlo";"Lo he hecho";"Lo he hecho";;"Más bien en desacuerdo";"Más bien de acuerdo";"Completamente de acuerdo";"Completamente de acuerdo";"Completamente de acuerdo";"Más bien de acuerdo";"Más bien en desacuerdo";"Más bien de acuerdo";"Ni estoy de acuerdo ni en desacuerdo";"Más bien de acuerdo";"Estoy en desacuerdo";"Química";42;"Masculino";
3/27/2025 9:51:24;"Correo electrónico, Plataforma de gestión del aprendizaje (Prado, Moodle, Ecampus, etc.)";"Mensajes en plataformas de aprendizaje, Correos electrónicos, Clases presenciales en el aula";"Muy importante";"Importante";"Muy importante";"Muy importante";"Muy importante";"Importante";"Importante";"Muy importante";"Muy importante";"Importante";"Lo uso tanto en el conexto universitario como para otras tareas";"No lo conozco";"Lo conozco pero no lo he usado";"No lo conozco";"No lo conozco";"No lo conozco";"No lo conozco";;"A veces";"Me gustaría hacerlo";"Me gustaría hacerlo";"No me parece útil";"Me gustaría hacerlo";"Me gustaría hacerlo";"Me gustaría hacerlo";"Lo he hecho";"Lo he hecho";"Lo he hecho";"Me gustaría hacerlo";"Lo he hecho";"Lo he hecho";;"Ni estoy de acuerdo ni en desacuerdo";"Completamente de acuerdo";"Más bien de acuerdo";"Más bien en desacuerdo";"Más bien en desacuerdo";"Ni estoy de acuerdo ni en desacuerdo";"Más bien en desacuerdo";"Más bien de acuerdo";"Más bien de acuerdo";"Más bien en desacuerdo";"Más bien de acuerdo";"Química";35;"Femenino";
3/27/2025 9:52:00;"Correo electrónico, Plataforma de gestión del aprendizaje (Prado, Moodle, Ecampus, etc.)";"Mensajes en plataformas de aprendizaje, Clases presenciales en el aula, Correos electrónicos";"Importante";"Importante";"Importante";"Muy importante";"Importante";"Importante";"Importante";"Muy importante";"Muy importante";"Importante";"Lo uso para otras tareas";"Lo uso para otras tareas";"Lo conozco pero no lo he usado";"Lo conozco pero no lo he usado";"No lo conozco";"Lo conozco pero no lo he usado";"Lo conozco pero no lo he usado";;"Casi nunca";"Me gustaría hacerlo";"No me parece útil";"No me parece útil";"No me parece útil";"Me gustaría hacerlo";"No me parece útil";"Me gustaría hacerlo";"Me gustaría hacerlo";"Me gustaría hacerlo";"Me gustaría hacerlo";"Lo he hecho";"Me gustaría hacerlo";;"Más bien en desacuerdo";"Ni estoy de acuerdo ni en desacuerdo";"Ni estoy de acuerdo ni en desacuerdo";"Más bien de acuerdo";"Más bien de acuerdo";"Más bien de acuerdo";"Más bien en desacuerdo";"Más bien de acuerdo";"Completamente de acuerdo";"Ni estoy de acuerdo ni en desacuerdo";"Más bien de acuerdo";"Ciencias Económicas y Empresariales";49;"Masculino";
3/27/2025 9:56:37;;;;;;;;;;;;;;;;;;;;;;;;;;;;;;;;;;;;;;;;;;;;;;"Ciencias Sociales y Estudios de Género";26;"Femenino";
3/27/2025 10:01:19;;;;;;;;;;;;;;;;;;;;;;;;;;;;;;;;;;;;;;;;;;;;;;"Ingenierías de la Comunicación, Computación y Electrónica";19;"Masculino";
3/27/2025 10:09:07;"Correo electrónico, WhatsApp, Instagram";"Clases presenciales en el aula";"Importante";"Muy importante";"Importante";"Importante";"Importante";"Importante";"Moderadamente importante";"Importante";"Muy importante";"Importante";"Lo uso tanto en el conexto universitario como para otras tareas";;"Lo uso en el conexto universitario";;"Lo uso tanto en el conexto universitario como para otras tareas";;;;"Siempre";"Lo he hecho";"Lo he hecho";"Lo he hecho";"Lo he hecho";"No me parece útil";"Lo he hecho";"No me parece útil";"Lo he hecho";"Lo he hecho";"No me parece útil";"Lo he hecho";"Lo he hecho";;"Ni estoy de acuerdo ni en desacuerdo";"Más bien de acuerdo";"Más bien de acuerdo";"Más bien de acuerdo";"Más bien de acuerdo";"Más bien de acuerdo";"Estoy en desacuerdo";"Ni estoy de acuerdo ni en desacuerdo";"Ni estoy de acuerdo ni en desacuerdo";"Más bien de acuerdo";"Ni estoy de acuerdo ni en desacuerdo";"Ciencias del Deporte";66;"Masculino";"no pregunta sobre la necesidad de formación avanzada en Inteligencia Artificial y las herramientas asociadas como Chatbots, pero en un nivel superior como los Agentes, programación, etc."
3/27/2025 10:29:13;"Correo electrónico, Plataforma de gestión del aprendizaje (Prado, Moodle, Ecampus, etc.), WhatsApp, Microsoft Teams, Meet, Zoom";"Foros de discusión en línea, Clases presenciales en el aula";"Moderadamente importante";"Muy importante";"Importante";"Importante";"Muy importante";"Moderadamente importante";"Moderadamente importante";"Importante";"Importante";"Importante";"Lo uso para otras tareas";"Lo uso tanto en el conexto universitario como para otras tareas";"Lo uso tanto en el conexto universitario como para otras tareas";"No lo conozco";"Lo uso en el conexto universitario";"No lo conozco";"Lo uso en el conexto universitario";;"A veces";"Me gustaría hacerlo";"Me gustaría hacerlo";"Me gustaría hacerlo";"Me gustaría hacerlo";"Me gustaría hacerlo";"Me gustaría hacerlo";"Me gustaría hacerlo";"Lo he hecho";"Lo he hecho";"Me gustaría hacerlo";"Lo he hecho";"Lo he hecho";;"Ni estoy de acuerdo ni en desacuerdo";"Ni estoy de acuerdo ni en desacuerdo";"Completamente de acuerdo";"Más bien de acuerdo";"Completamente de acuerdo";"Ni estoy de acuerdo ni en desacuerdo";"Ni estoy de acuerdo ni en desacuerdo";"Ni estoy de acuerdo ni en desacuerdo";"Más bien de acuerdo";"Ni estoy de acuerdo ni en desacuerdo";"Más bien de acuerdo";"Química";47;"Masculino";
3/27/2025 10:31:16;;;;;;;;;;;;;;;;;;;;;;;;;;;;;;;;;;;;;;;;;;;;;;"Ciencias Sociales y Estudios de Género";24;"Femenino";
3/27/2025 10:48:21;;;;;;;;;;;;;;;;;;;;;;;;;;;;;;;;;;;;;;;;;;;;;;"Matemáticas y Física";24;"Femenino";
3/27/2025 10:54:55;"Correo electrónico, Plataforma de gestión del aprendizaje (Prado, Moodle, Ecampus, etc.), Telegram";"Correos electrónicos, Chats en tiempo real (mensajería instantánea), Clases presenciales en el aula";"Moderadamente importante";"Moderadamente importante";"Moderadamente importante";"Moderadamente importante";"Moderadamente importante";"Moderadamente importante";"Moderadamente importante";"Moderadamente importante";"Moderadamente importante";"Moderadamente importante";"Lo uso tanto en el conexto universitario como para otras tareas";"Lo conozco pero no lo he usado";"Lo conozco pero no lo he usado";"No lo conozco";"Lo conozco pero no lo he usado";"No lo conozco";"No lo conozco";;"A veces";"Lo he hecho";"Me gustaría hacerlo";"Me gustaría hacerlo";"Me gustaría hacerlo";"Me gustaría hacerlo";"No me parece útil";"Me gustaría hacerlo";"Me gustaría hacerlo";"Lo he hecho";"Lo he hecho";"Lo he hecho";"Me gustaría hacerlo";;"Ni estoy de acuerdo ni en desacuerdo";"Ni estoy de acuerdo ni en desacuerdo";"Más bien de acuerdo";"Más bien de acuerdo";"Ni estoy de acuerdo ni en desacuerdo";"Más bien de acuerdo";"Ni estoy de acuerdo ni en desacuerdo";"Ni estoy de acuerdo ni en desacuerdo";"Ni estoy de acuerdo ni en desacuerdo";"Ni estoy de acuerdo ni en desacuerdo";"Ni estoy de acuerdo ni en desacuerdo";"Matemáticas y Física";53;"Masculino";
3/27/2025 11:10:15;;;;;;;;;;;;;;;;;;;;;;;;;;;;;;;;;;;;;;;;;;;;;;"Ingenierías de la Comunicación, Computación y Electrónica";22;"Femenino";
3/27/2025 11:25:39;;;;;;;;;;;;;;;;;;;;;;;;;;;;;;;;;;;;;;;;;;;;;;"Ciencias Biomédicas";29;"Femenino";"La IA es como otro idioma, y el analfabetismo en ella es peligrosa"
3/27/2025 12:11:27;;;;;;;;;;;;;;;;;;;;;;;;;;;;;;;;;;;;;;;;;;;;;;"Ciencias Sociales y Estudios de Género";21;"Femenino";
3/27/2025 12:41:49;;;;;;;;;;;;;;;;;;;;;;;;;;;;;;;;;;;;;;;;;;;;;;"Filosofía, Filología y Lingüística";20;"Femenino";
3/27/2025 12:43:41;;;;;;;;;;;;;;;;;;;;;;;;;;;;;;;;;;;;;;;;;;;;;;"Derecho y jurisprudencia";19;"Femenino";
3/27/2025 12:48:08;"Correo electrónico, Plataforma de gestión del aprendizaje (Prado, Moodle, Ecampus, etc.)";"Correos electrónicos, Clases presenciales en el aula, Mensajes en plataformas de aprendizaje";"Muy importante";"Importante";"Muy importante";"Muy importante";"Muy importante";"Muy importante";"Muy importante";"Muy importante";"Muy importante";"Muy importante";"Lo uso tanto en el conexto universitario como para otras tareas";"Lo uso para otras tareas";"Lo uso para otras tareas";"Lo conozco pero no lo he usado";"No lo conozco";"Lo conozco pero no lo he usado";"Lo uso tanto en el conexto universitario como para otras tareas";;"Siempre";"Lo he hecho";"Lo he hecho";"Lo he hecho";"Lo he hecho";"Lo he hecho";"Me gustaría hacerlo";"No me parece útil";"Me gustaría hacerlo";"Lo he hecho";"No me parece útil";"Lo he hecho";"Lo he hecho";;"Estoy en desacuerdo";"Más bien de acuerdo";"Completamente de acuerdo";"Más bien en desacuerdo";"Más bien de acuerdo";"Más bien de acuerdo";"Estoy en desacuerdo";"Completamente de acuerdo";"Completamente de acuerdo";"Ni estoy de acuerdo ni en desacuerdo";"Más bien de acuerdo";"Filosofía, Filología y Lingüística";28;"Femenino";
3/27/2025 12:49:40;;;;;;;;;;;;;;;;;;;;;;;;;;;;;;;;;;;;;;;;;;;;;;"Ciencias Sociales y Estudios de Género";20;"Femenino";
3/27/2025 13:06:21;;;;;;;;;;;;;;;;;;;;;;;;;;;;;;;;;;;;;;;;;;;;;;"Derecho y jurisprudencia";18;"Femenino";
3/27/2025 13:22:11;"Correo electrónico, Plataforma de gestión del aprendizaje (Prado, Moodle, Ecampus, etc.), Telegram, Google MEET";"Clases presenciales en el aula, Foros de discusión en línea, Videoconferencias en tiempo real, Mensajes en plataformas de aprendizaje, Correos electrónicos";"Poco importante";"Muy importante";"Muy importante";"Importante";"Importante";"Poco importante";"Poco importante";"Importante";"Importante";"Importante";"Lo uso tanto en el conexto universitario como para otras tareas";"Lo conozco pero no lo he usado";"Lo uso para otras tareas";"No lo conozco";"Lo uso tanto en el conexto universitario como para otras tareas";"Lo conozco pero no lo he usado";"Lo conozco pero no lo he usado";;"Siempre";"Lo he hecho";"Lo he hecho";"Lo he hecho";"Lo he hecho";"Me gustaría hacerlo";"Lo he hecho";"Me gustaría hacerlo";"Me gustaría hacerlo";"Me gustaría hacerlo";"Me gustaría hacerlo";"Lo he hecho";"Lo he hecho";;"Más bien de acuerdo";"Completamente de acuerdo";"Completamente de acuerdo";"Completamente de acuerdo";"Completamente de acuerdo";"Más bien de acuerdo";"Más bien en desacuerdo";"Más bien de acuerdo";"Más bien de acuerdo";"Ni estoy de acuerdo ni en desacuerdo";"Completamente de acuerdo";"Ingenierías de la Comunicación, Computación y Electrónica";42;"Masculino";
3/27/2025 13:45:10;;;;;;;;;;;;;;;;;;;;;;;;;;;;;;;;;;;;;;;;;;;;;;"Ingenierías de la Comunicación, Computación y Electrónica";49;"Masculino";"Tres aspectos importantes, 1.  ética en el uso del contenido generado por las IA generativas, 2. Las IA generan alucinaciones por lo que yo debo verificar las fuentes de referencia que me dan como respuesta. 3. Las IA deben ser una herramienta para potenciar mi conocimiento en el contexto académico y de investigación y no un sustituto."
3/27/2025 13:52:44;;;;;;;;;;;;;;;;;;;;;;;;;;;;;;;;;;;;;;;;;;;;;;"Matemáticas y Física";25;"Masculino";
3/27/2025 14:31:30;;;;;;;;;;;;;;;;;;;;;;;;;;;;;;;;;;;;;;;;;;;;;;"Filosofía, Filología y Lingüística";22;"Masculino";
3/27/2025 15:05:24;;;;;;;;;;;;;;;;;;;;;;;;;;;;;;;;;;;;;;;;;;;;;;"Matemáticas y Física";19;"Masculino";
3/27/2025 15:29:23;;;;;;;;;;;;;;;;;;;;;;;;;;;;;;;;;;;;;;;;;;;;;;"Historia y Artes";23;"Femenino";
3/27/2025 15:32:13;"Correo electrónico, Plataforma de gestión del aprendizaje (Prado, Moodle, Ecampus, etc.)";"Mensajes en plataformas de aprendizaje, Clases presenciales en el aula, Correos electrónicos";"Muy importante";"Muy importante";"Muy importante";"Importante";"Importante";"Poco importante";"Moderadamente importante";"Moderadamente importante";"Muy importante";"Importante";"Lo uso tanto en el conexto universitario como para otras tareas";"Lo uso tanto en el conexto universitario como para otras tareas";;;;;;;"A veces";"Me gustaría hacerlo";"No me parece útil";"No me parece útil";"No me parece útil";"Me gustaría hacerlo";"No me parece útil";"Me gustaría hacerlo";"Me gustaría hacerlo";"No me parece útil";"Me gustaría hacerlo";"Me gustaría hacerlo";"No me parece útil";;"Estoy en desacuerdo";"Más bien en desacuerdo";"Ni estoy de acuerdo ni en desacuerdo";"Estoy en desacuerdo";"Más bien en desacuerdo";"Ni estoy de acuerdo ni en desacuerdo";"Ni estoy de acuerdo ni en desacuerdo";"Más bien de acuerdo";"Más bien de acuerdo";"Más bien de acuerdo";"Más bien de acuerdo";"Matemáticas y Física";32;"Masculino";
3/27/2025 16:04:50;;;;;;;;;;;;;;;;;;;;;;;;;;;;;;;;;;;;;;;;;;;;;;"Ciencias Económicas y Empresariales";23;"Femenino";
3/27/2025 16:08:33;;;;;;;;;;;;;;;;;;;;;;;;;;;;;;;;;;;;;;;;;;;;;;"Biología Celular y Molecular";18;"Prefiero no decirlo";
3/27/2025 16:19:09;;;;;;;;;;;;;;;;;;;;;;;;;;;;;;;;;;;;;;;;;;;;;;"Filosofía, Filología y Lingüística";23;"Femenino";"Quizá se podría mencionar un apartado o pregunta sobre la sostenibilidad de los Chatbots basados en IA y el impacto medioambiental."
3/27/2025 16:23:12;;;;;;;;;;;;;;;;;;;;;;;;;;;;;;;;;;;;;;;;;;;;;;"Ciencias del Comportamiento y de la Educación";26;"Femenino";
3/27/2025 17:02:34;;;;;;;;;;;;;;;;;;;;;;;;;;;;;;;;;;;;;;;;;;;;;;"Ingenierías de la Comunicación, Computación y Electrónica";19;"Masculino";
3/27/2025 17:21:29;;;;;;;;;;;;;;;;;;;;;;;;;;;;;;;;;;;;;;;;;;;;;;"Ciencias de la Naturaleza";22;"Femenino";
3/27/2025 17:22:57;;;;;;;;;;;;;;;;;;;;;;;;;;;;;;;;;;;;;;;;;;;;;;"Ingenierías de la Comunicación, Computación y Electrónica";19;"Masculino";
3/27/2025 18:22:55;;;;;;;;;;;;;;;;;;;;;;;;;;;;;;;;;;;;;;;;;;;;;;"Ingenierías de la Comunicación, Computación y Electrónica";23;"Prefiero no decirlo";"Los chatbots son útiles pero debe enseñarse a los alumnos a no confiar en todo lo que dicen y a pensar críticamente en la solución a los problemas planteados porque si no acaban derivándolo todo a un prompt de ChatGPT. "
3/27/2025 18:32:11;;;;;;;;;;;;;;;;;;;;;;;;;;;;;;;;;;;;;;;;;;;;;;"Ingenierías de la Comunicación, Computación y Electrónica";21;"Femenino";"Debería enseñarse el uso de chatbots, avisarse de su peligro y su capacidad de generar información directamente errónea con mucha confianza. Hay que cuestionar y comprobar toda información importante generada. Aunque estoy muy a favor de su uso, si se hace sin ningún conocimiento de como funciona o ojo crítico de qué creer y que no es peligroso.

Esto debería hacerse no solo en el ámbito universitario, también en institutos donde chatGPT puede hacer cada trabajo de forma casi perfecta con poco o ningún esfuerzo por parte del estudiante."
3/27/2025 20:11:31;;;;;;;;;;;;;;;;;;;;;;;;;;;;;;;;;;;;;;;;;;;;;;"Matemáticas y Física";21;"Femenino";
3/27/2025 20:43:40;;;;;;;;;;;;;;;;;;;;;;;;;;;;;;;;;;;;;;;;;;;;;;"Ingenierías de la Comunicación, Computación y Electrónica";21;"Femenino";
3/28/2025 0:22:34;;;;;;;;;;;;;;;;;;;;;;;;;;;;;;;;;;;;;;;;;;;;;;"Ciencias del Comportamiento y de la Educación";50;"Masculino";
3/28/2025 0:28:50;;;;;;;;;;;;;;;;;;;;;;;;;;;;;;;;;;;;;;;;;;;;;;"Traducción  e interpretación";18;"Femenino";
3/28/2025 8:42:54;"Correo electrónico, Plataforma de gestión del aprendizaje (Prado, Moodle, Ecampus, etc.)";"Mensajes en plataformas de aprendizaje";"Importante";"Importante";"Importante";"Importante";"Muy importante";"Importante";"Importante";"Importante";"Importante";"Importante";"Lo uso tanto en el conexto universitario como para otras tareas";"Lo uso en el conexto universitario";"Lo uso tanto en el conexto universitario como para otras tareas";"No lo conozco";"No lo conozco";"Lo conozco pero no lo he usado";"No lo conozco";;"A veces";"Lo he hecho";"Me gustaría hacerlo";"Me gustaría hacerlo";"Lo he hecho";"No me parece útil";"No me parece útil";"Me gustaría hacerlo";"Me gustaría hacerlo";"Lo he hecho";"No me parece útil";"Lo he hecho";"Lo he hecho";;"Ni estoy de acuerdo ni en desacuerdo";"Ni estoy de acuerdo ni en desacuerdo";"Más bien de acuerdo";"Más bien de acuerdo";"Ni estoy de acuerdo ni en desacuerdo";"Ni estoy de acuerdo ni en desacuerdo";"Ni estoy de acuerdo ni en desacuerdo";"Ni estoy de acuerdo ni en desacuerdo";"Más bien de acuerdo";"Ni estoy de acuerdo ni en desacuerdo";"Más bien en desacuerdo";"Ingenierías de la Comunicación, Computación y Electrónica";56;"Masculino";
3/28/2025 10:17:07;;;;;;;;;;;;;;;;;;;;;;;;;;;;;;;;;;;;;;;;;;;;;;"Ciencias del Comportamiento y de la Educación";20;"Femenino";
3/28/2025 11:06:46;;;;;;;;;;;;;;;;;;;;;;;;;;;;;;;;;;;;;;;;;;;;;;"Filosofía, Filología y Lingüística";32;"Masculino";
3/28/2025 12:21:40;;;;;;;;;;;;;;;;;;;;;;;;;;;;;;;;;;;;;;;;;;;;;;"Traducción ";18;"Femenino";
3/28/2025 12:27:19;;;;;;;;;;;;;;;;;;;;;;;;;;;;;;;;;;;;;;;;;;;;;;"Ciencias Biomédicas";23;"Femenino";
3/28/2025 13:26:15;;;;;;;;;;;;;;;;;;;;;;;;;;;;;;;;;;;;;;;;;;;;;;"Derecho y jurisprudencia";22;"Femenino";
3/28/2025 16:35:17;;;;;;;;;;;;;;;;;;;;;;;;;;;;;;;;;;;;;;;;;;;;;;"Ingenierías de la Comunicación, Computación y Electrónica";21;"Masculino";
3/28/2025 17:25:28;;;;;;;;;;;;;;;;;;;;;;;;;;;;;;;;;;;;;;;;;;;;;;"Ciencias Biomédicas";18;"Masculino";
3/28/2025 17:52:57;;;;;;;;;;;;;;;;;;;;;;;;;;;;;;;;;;;;;;;;;;;;;;"Medicina";23;"Masculino";
3/28/2025 17:55:38;;;;;;;;;;;;;;;;;;;;;;;;;;;;;;;;;;;;;;;;;;;;;;"Ingenieria informatica";21;"Masculino";
3/29/2025 8:36:12;;;;;;;;;;;;;;;;;;;;;;;;;;;;;;;;;;;;;;;;;;;;;;"Ciencias del deporte";44;"Femenino";"Me parece muy interesante realizar este tipo de encuestas."
3/31/2025 10:54:35;;;;;;;;;;;;;;;;;;;;;;;;;;;;;;;;;;;;;;;;;;;;;;"Antropología";20;"Femenino";
3/31/2025 11:47:52;;;;;;;;;;;;;;;;;;;;;;;;;;;;;;;;;;;;;;;;;;;;;;"Ciencias de la Comunicación";20;"Masculino";
3/31/2025 12:15:40;;;;;;;;;;;;;;;;;;;;;;;;;;;;;;;;;;;;;;;;;;;;;;"Ingenierías de la Comunicación, Computación y Electrónica";23;"Femenino";"Las IAs están mal vistas por algunos profesores, cuando podrían incorporar su uso en las asignaturas y adaptarse al avance de estas"
3/31/2025 17:00:00;;;;;;;;;;;;;;;;;;;;;;;;;;;;;;;;;;;;;;;;;;;;;;"Matemáticas e Ingeniería Informática";23;"Femenino";
3/31/2025 17:34:14;"Correo electrónico, Plataforma de gestión del aprendizaje (Prado, Moodle, Ecampus, etc.)";"Correos electrónicos, Videos pregrabados y materiales de lectura, Mensajes en plataformas de aprendizaje, Foros de discusión en línea, Clases presenciales en el aula";"Importante";"Importante";"Muy importante";"Muy importante";"Muy importante";"Importante";"Muy importante";"Muy importante";"Muy importante";"Muy importante";"Lo uso tanto en el conexto universitario como para otras tareas";"Lo uso en el conexto universitario";"Lo conozco pero no lo he usado";"Lo uso en el conexto universitario";"Lo conozco pero no lo he usado";"Lo uso en el conexto universitario";"Lo uso en el conexto universitario";"Grok";"A veces";"Me gustaría hacerlo";"Me gustaría hacerlo";"Me gustaría hacerlo";"Me gustaría hacerlo";"No me parece útil";"Me gustaría hacerlo";"Me gustaría hacerlo";"Lo he hecho";"Me gustaría hacerlo";"Me gustaría hacerlo";"Lo he hecho";"Lo he hecho";;"Ni estoy de acuerdo ni en desacuerdo";"Más bien de acuerdo";"Completamente de acuerdo";"Completamente de acuerdo";"Más bien de acuerdo";"Completamente de acuerdo";"Más bien en desacuerdo";"Más bien de acuerdo";"Más bien en desacuerdo";"Más bien de acuerdo";"Ni estoy de acuerdo ni en desacuerdo";"Tecnologías mecánicas y de la Producción";58;"Masculino";
4/1/2025 9:51:06;;;;;;;;;;;;;;;;;;;;;;;;;;;;;;;;;;;;;;;;;;;;;;"Ciencias Sociales y Estudios de Género";27;"Femenino";
4/2/2025 12:55:25;;;;;;;;;;;;;;;;;;;;;;;;;;;;;;;;;;;;;;;;;;;;;;"Filosofía, Filología y Lingüística";19;"Femenino";"Nada."
4/2/2025 12:55:53;;;;;;;;;;;;;;;;;;;;;;;;;;;;;;;;;;;;;;;;;;;;;;"Filosofía, Filología y Lingüística";19;"Femenino";
4/2/2025 12:56:06;;;;;;;;;;;;;;;;;;;;;;;;;;;;;;;;;;;;;;;;;;;;;;"Filosofía, Filología y Lingüística";19;"Femenino";
4/2/2025 12:56:19;;;;;;;;;;;;;;;;;;;;;;;;;;;;;;;;;;;;;;;;;;;;;;"Filosofía, Filología y Lingüística";18;"Femenino";
4/2/2025 12:56:36;;;;;;;;;;;;;;;;;;;;;;;;;;;;;;;;;;;;;;;;;;;;;;"Filosofía, Filología y Lingüística";18;"Masculino";
4/2/2025 12:56:41;;;;;;;;;;;;;;;;;;;;;;;;;;;;;;;;;;;;;;;;;;;;;;"Filosofía, Filología y Lingüística";21;"Femenino";"Soy estudiante de intercambio"
4/2/2025 12:56:50;;;;;;;;;;;;;;;;;;;;;;;;;;;;;;;;;;;;;;;;;;;;;;"Filosofía, Filología y Lingüística";24;"Femenino";
4/2/2025 12:57:33;;;;;;;;;;;;;;;;;;;;;;;;;;;;;;;;;;;;;;;;;;;;;;"Filosofía, Filología y Lingüística";18;"Femenino";
4/2/2025 12:57:48;;;;;;;;;;;;;;;;;;;;;;;;;;;;;;;;;;;;;;;;;;;;;;"Filosofía, Filología y Lingüística";18;"Femenino";
4/2/2025 12:57:53;;;;;;;;;;;;;;;;;;;;;;;;;;;;;;;;;;;;;;;;;;;;;;"Filosofía, Filología y Lingüística";19;"Femenino";
4/2/2025 12:58:03;;;;;;;;;;;;;;;;;;;;;;;;;;;;;;;;;;;;;;;;;;;;;;"Filosofía, Filología y Lingüística";18;"Femenino";
4/2/2025 12:58:14;;;;;;;;;;;;;;;;;;;;;;;;;;;;;;;;;;;;;;;;;;;;;;"Filosofía, Filología y Lingüística";19;"Masculino";
4/2/2025 12:58:26;;;;;;;;;;;;;;;;;;;;;;;;;;;;;;;;;;;;;;;;;;;;;;"Filosofía, Filología y Lingüística";18;"Femenino";
4/2/2025 12:58:33;;;;;;;;;;;;;;;;;;;;;;;;;;;;;;;;;;;;;;;;;;;;;;"Filosofía, Filología y Lingüística";19;"Masculino";
4/2/2025 12:58:34;;;;;;;;;;;;;;;;;;;;;;;;;;;;;;;;;;;;;;;;;;;;;;"Filosofía, Filología y Lingüística";19;"Masculino";
4/2/2025 12:58:36;;;;;;;;;;;;;;;;;;;;;;;;;;;;;;;;;;;;;;;;;;;;;;"Filosofía, Filología y Lingüística";18;"Femenino";
4/2/2025 12:58:59;;;;;;;;;;;;;;;;;;;;;;;;;;;;;;;;;;;;;;;;;;;;;;"Filosofía, Filología y Lingüística";18;"Masculino";
4/2/2025 12:59:02;;;;;;;;;;;;;;;;;;;;;;;;;;;;;;;;;;;;;;;;;;;;;;"Filosofía, Filología y Lingüística";23;"Masculino";
4/2/2025 12:59:08;;;;;;;;;;;;;;;;;;;;;;;;;;;;;;;;;;;;;;;;;;;;;;"Filosofía, Filología y Lingüística";18;"Femenino";
4/2/2025 12:59:14;;;;;;;;;;;;;;;;;;;;;;;;;;;;;;;;;;;;;;;;;;;;;;"Filosofía, Filología y Lingüística";18;"Masculino";
4/2/2025 13:00:22;;;;;;;;;;;;;;;;;;;;;;;;;;;;;;;;;;;;;;;;;;;;;;"Filosofía, Filología y Lingüística";18;"Femenino";
4/2/2025 13:31:23;;;;;;;;;;;;;;;;;;;;;;;;;;;;;;;;;;;;;;;;;;;;;;"Filosofía, Filología y Lingüística";20;"Femenino";
4/4/2025 16:35:25;;;;;;;;;;;;;;;;;;;;;;;;;;;;;;;;;;;;;;;;;;;;;;"Ciencias Biomédicas";22;"Femenino";
4/5/2025 11:28:12;"Correo electrónico, Plataforma de gestión del aprendizaje (Prado, Moodle, Ecampus, etc.)";"Videoconferencias en tiempo real, Clases presenciales en el aula, Mensajes en plataformas de aprendizaje";"Importante";"Muy importante";"Importante";"Muy importante";"Importante";"Moderadamente importante";"Moderadamente importante";"Muy importante";"Muy importante";"Importante";"Lo conozco pero no lo he usado";"Lo uso tanto en el conexto universitario como para otras tareas";"Lo uso tanto en el conexto universitario como para otras tareas";"Lo conozco pero no lo he usado";"Lo uso tanto en el conexto universitario como para otras tareas";"Lo conozco pero no lo he usado";"Lo conozco pero no lo he usado";;"A veces";"Me gustaría hacerlo";"Me gustaría hacerlo";"Me gustaría hacerlo";"Me gustaría hacerlo";"Me gustaría hacerlo";"Me gustaría hacerlo";"Me gustaría hacerlo";"Me gustaría hacerlo";"Lo he hecho";"No me parece útil";"Lo he hecho";"Lo he hecho";;"Más bien de acuerdo";"Más bien de acuerdo";"Más bien de acuerdo";"Ni estoy de acuerdo ni en desacuerdo";"Más bien de acuerdo";"Más bien de acuerdo";"Estoy en desacuerdo";"Más bien de acuerdo";"Completamente de acuerdo";"Completamente de acuerdo";"Completamente de acuerdo";"Ingenierías de la Comunicación, Computación y Electrónica";45;"Masculino";
4/7/2025 14:05:08;;;;;;;;;;;;;;;;;;;;;;;;;;;;;;;;;;;;;;;;;;;;;;"Derecho y jurisprudencia";21;"Femenino";
4/7/2025 16:04:38;;;;;;;;;;;;;;;;;;;;;;;;;;;;;;;;;;;;;;;;;;;;;;"Filosofía, Filología y Lingüística";18;"Femenino";
4/8/2025 8:35:53;;;;;;;;;;;;;;;;;;;;;;;;;;;;;;;;;;;;;;;;;;;;;;"Filosofía, Filología y Lingüística";19;"Femenino";
4/8/2025 20:47:52;;;;;;;;;;;;;;;;;;;;;;;;;;;;;;;;;;;;;;;;;;;;;;"Ciencias Biomédicas";22;"Masculino";
4/22/2025 13:54:54;"Correo electrónico, Plataforma de gestión del aprendizaje (Prado, Moodle, Ecampus, etc.), Google Meet";"Clases presenciales en el aula, Videoconferencias en tiempo real, Foros de discusión en línea, Mensajes en plataformas de aprendizaje, Correos electrónicos";"Importante";"Importante";"Importante";"Importante";"Importante";"Importante";"Importante";"Importante";"Importante";"Importante";"Lo conozco pero no lo he usado";"No lo conozco";"Lo conozco pero no lo he usado";"No lo conozco";"No lo conozco";"Lo conozco pero no lo he usado";"No lo conozco";;"Nunca";"Me gustaría hacerlo";"No me parece útil";"No me parece útil";"Me gustaría hacerlo";"Me gustaría hacerlo";"Me gustaría hacerlo";"Me gustaría hacerlo";"Me gustaría hacerlo";"Me gustaría hacerlo";"Me gustaría hacerlo";"Me gustaría hacerlo";"No me parece útil";;"Más bien en desacuerdo";"Ni estoy de acuerdo ni en desacuerdo";"Ni estoy de acuerdo ni en desacuerdo";"Más bien en desacuerdo";"Ni estoy de acuerdo ni en desacuerdo";"Ni estoy de acuerdo ni en desacuerdo";"Más bien en desacuerdo";"Más bien de acuerdo";"Más bien de acuerdo";"Más bien de acuerdo";"Más bien de acuerdo";"Matemáticas y Física";47;"Masculino";
4/23/2025 14:17:36;;;;;;;;;;;;;;;;;;;;;;;;;;;;;;;;;;;;;;;;;;;;;;"Ingenierías de la Comunicación, Computación y Electrónica";21;"Masculino";
5/22/2025 15:06:06;;;;;;;;;;;;;;;;;;;;;;;;;;;;;;;;;;;;;;;;;;;;;;"Ingenierías de la Comunicación, Computación y Electrónica";21;"Masculino";
5/22/2025 15:16:11;;;;;;;;;;;;;;;;;;;;;;;;;;;;;;;;;;;;;;;;;;;;;;"Ingenierías de la Comunicación, Computación y Electrónica";25;"Masculino";
5/22/2025 15:20:18;;;;;;;;;;;;;;;;;;;;;;;;;;;;;;;;;;;;;;;;;;;;;;"Doble Grado Ingeniería Informática y ADE";21;"Masculino";"Los chat bots y las inteligencias artificiales generativas en general son herramientas muy útiles y potentes usadas adecuadamente. Pienso que sería importante dedicar al menos una charla sobre su correcto uso ya que la construcción adecuada de prompts puede evitar muchos problemas y respuestas erróneas."
5/22/2025 15:35:05;;;;;;;;;;;;;;;;;;;;;;;;;;;;;;;;;;;;;;;;;;;;;;"Ing Informática y matemáticas ";21;"Masculino";"Me alegra que se empiece a estudiar de una forma objetiva el uso de LLMs, aún así,  estudiaría la implementación de modelos de IA en el entorno académico en general, no solo los chatbots"
5/22/2025 18:54:17;;;;;;;;;;;;;;;;;;;;;;;;;;;;;;;;;;;;;;;;;;;;;;"Matemáticas y Física";20;"Masculino";
5/23/2025 10:38:03;;;;;;;;;;;;;;;;;;;;;;;;;;;;;;;;;;;;;;;;;;;;;;"Informática y Matemáticas ";20;"Femenino";
5/23/2025 10:53:25;;;;;;;;;;;;;;;;;;;;;;;;;;;;;;;;;;;;;;;;;;;;;;"Ingenierías de la Comunicación, Computación y Electrónica";20;"Masculino";
5/23/2025 12:24:02;;;;;;;;;;;;;;;;;;;;;;;;;;;;;;;;;;;;;;;;;;;;;;"Matemáticas y Física";21;"Femenino";
5/24/2025 9:50:21;;;;;;;;;;;;;;;;;;;;;;;;;;;;;;;;;;;;;;;;;;;;;;"Informatica y matematicas ";21;"Masculino";"Animo con el proyecto ! 
No se qué pensarán los profesores de los chatbots. A mi personalmente me da coraje depender muchas veces de preguntarles en vez de intentar investigar o pensarlo yo. ( como siempre he hecho hasta que llegó) . 
Pero hay dos motivos que en mi opinion obligan a los estudiantes a hacer uso de ellos a diario : 
1. Suelen explicar mejor que la mayoria de los profesores. 
 Ademas de preguntar dudas concretas que en los apuntes se dan por hecho , o que yo al menos que soy timido no me gusta preguntar a determinados profesores que tratan fatal. 
2. La gran carga de trabajo que tenemos ( al menos yo en el DGIIM) hace que no tengas tiempo de pararte a pensar una duda cuando hay un bot que te la explica ( y de hecho te la explica muy bien) en un momento. 
Ademas para temas informaticos , muchas cosas que considero inutil aprenderte de memoria, te las busca y enseña en un momento. "
5/25/2025 1:41:42;;;;;;;;;;;;;;;;;;;;;;;;;;;;;;;;;;;;;;;;;;;;;;"Ingeniería Informática y Matemáticas";20;"Masculino";"Ninguno."
5/27/2025 10:08:57;"Correo electrónico, Plataforma de gestión del aprendizaje (Prado, Moodle, Ecampus, etc.)";"Clases presenciales en el aula, Foros de discusión en línea, Mensajes en plataformas de aprendizaje, Correos electrónicos";"Muy importante";"Muy importante";"Muy importante";"Importante";"Importante";"Muy importante";"Importante";"Muy importante";"Muy importante";"Importante";"Lo uso tanto en el conexto universitario como para otras tareas";"Lo uso para otras tareas";"No lo conozco";"No lo conozco";"No lo conozco";"No lo conozco";"No lo conozco";;"A veces";"Lo he hecho";"Lo he hecho";"Me gustaría hacerlo";"Me gustaría hacerlo";"Me gustaría hacerlo";"No me parece útil";"Me gustaría hacerlo";"Me gustaría hacerlo";"Lo he hecho";"No me parece útil";"Lo he hecho";"Me gustaría hacerlo";;"Más bien en desacuerdo";"Ni estoy de acuerdo ni en desacuerdo";"Más bien de acuerdo";"Ni estoy de acuerdo ni en desacuerdo";"Más bien de acuerdo";"Ni estoy de acuerdo ni en desacuerdo";"Ni estoy de acuerdo ni en desacuerdo";"Más bien de acuerdo";"Más bien de acuerdo";"Ni estoy de acuerdo ni en desacuerdo";"Más bien de acuerdo";"Filosofía, Filología y Lingüística";38;"Femenino";
6/10/2025 10:35:43;;;;;;;;;;;;;;;;;;;;;;;;;;;;;;;;;;;;;;;;;;;;;;"Historia y Artes";18;"Femenino";
6/10/2025 10:37:56;;;;;;;;;;;;;;;;;;;;;;;;;;;;;;;;;;;;;;;;;;;;;;"Historia y Artes";18;"Femenino";
6/10/2025 10:41:24;;;;;;;;;;;;;;;;;;;;;;;;;;;;;;;;;;;;;;;;;;;;;;"Historia y Artes";19;"Femenino";
6/10/2025 10:58:06;;;;;;;;;;;;;;;;;;;;;;;;;;;;;;;;;;;;;;;;;;;;;;"Historia y Artes";19;"Femenino";
6/14/2025 13:07:37;;;;;;;;;;;;;;;;;;;;;;;;;;;;;;;;;;;;;;;;;;;;;;"Historia y Artes";21;"Femenino";
