Disciplina;Género;ayudan;dependencia-tecnológica;explicaciones-claras;información-segura;manejan-datos;mejorar-habilidades;no-pensamiento-crítico;no-respetan-privacidad;parte-integral;respuestas-confiables;ético
Otras;Masculino;"Ni estoy de acuerdo ni en desacuerdo";"Ni estoy de acuerdo ni en desacuerdo";"Ni estoy de acuerdo ni en desacuerdo";"Ni estoy de acuerdo ni en desacuerdo";"Ni estoy de acuerdo ni en desacuerdo";"Ni estoy de acuerdo ni en desacuerdo";"Ni estoy de acuerdo ni en desacuerdo";"Ni estoy de acuerdo ni en desacuerdo";"Ni estoy de acuerdo ni en desacuerdo";"Ni estoy de acuerdo ni en desacuerdo";"Ni estoy de acuerdo ni en desacuerdo"
TIC;Masculino;"Ni estoy de acuerdo ni en desacuerdo";"Ni estoy de acuerdo ni en desacuerdo";"Ni estoy de acuerdo ni en desacuerdo";"Ni estoy de acuerdo ni en desacuerdo";"Ni estoy de acuerdo ni en desacuerdo";"Ni estoy de acuerdo ni en desacuerdo";"Ni estoy de acuerdo ni en desacuerdo";"Ni estoy de acuerdo ni en desacuerdo";"Ni estoy de acuerdo ni en desacuerdo";"Ni estoy de acuerdo ni en desacuerdo";"Ni estoy de acuerdo ni en desacuerdo"
TIC;Masculino;"Completamente de acuerdo";"Estoy en desacuerdo";"Completamente de acuerdo";"Estoy en desacuerdo";"Estoy en desacuerdo";"Completamente de acuerdo";"Estoy en desacuerdo";"Ni estoy de acuerdo ni en desacuerdo";"Completamente de acuerdo";"Más bien en desacuerdo";"Completamente de acuerdo"
Otras;Masculino;"Completamente de acuerdo";"Más bien de acuerdo";"Ni estoy de acuerdo ni en desacuerdo";"Más bien de acuerdo";"Más bien en desacuerdo";"Completamente de acuerdo";"Más bien de acuerdo";"Más bien en desacuerdo";"Más bien en desacuerdo";"Más bien de acuerdo";"Completamente de acuerdo"
TIC;Femenino;"Más bien de acuerdo";"Más bien de acuerdo";"Más bien de acuerdo";"Más bien de acuerdo";"Ni estoy de acuerdo ni en desacuerdo";"Más bien de acuerdo";"Más bien de acuerdo";"Ni estoy de acuerdo ni en desacuerdo";"Más bien de acuerdo";"Más bien en desacuerdo";"Ni estoy de acuerdo ni en desacuerdo"
TIC;Masculino;"Completamente de acuerdo";"Más bien en desacuerdo";"Ni estoy de acuerdo ni en desacuerdo";"Ni estoy de acuerdo ni en desacuerdo";"Estoy en desacuerdo";"Ni estoy de acuerdo ni en desacuerdo";"Más bien en desacuerdo";"Ni estoy de acuerdo ni en desacuerdo";"Completamente de acuerdo";"Ni estoy de acuerdo ni en desacuerdo";"Completamente de acuerdo"
TIC;Femenino;"Completamente de acuerdo";"Más bien en desacuerdo";"Completamente de acuerdo";"Ni estoy de acuerdo ni en desacuerdo";"Ni estoy de acuerdo ni en desacuerdo";"Completamente de acuerdo";"Más bien en desacuerdo";"Ni estoy de acuerdo ni en desacuerdo";"Más bien de acuerdo";"Completamente de acuerdo";"Completamente de acuerdo"
TIC;Masculino;"Completamente de acuerdo";"Más bien de acuerdo";"Completamente de acuerdo";"Completamente de acuerdo";"Estoy en desacuerdo";"Más bien de acuerdo";"Más bien de acuerdo";"Completamente de acuerdo";"Más bien de acuerdo";"Más bien de acuerdo";"Más bien de acuerdo"
TIC;Femenino;"Más bien de acuerdo";"Más bien de acuerdo";"Más bien de acuerdo";"Más bien de acuerdo";"Ni estoy de acuerdo ni en desacuerdo";"Más bien de acuerdo";"Más bien de acuerdo";"Ni estoy de acuerdo ni en desacuerdo";"Ni estoy de acuerdo ni en desacuerdo";"Ni estoy de acuerdo ni en desacuerdo";"Más bien de acuerdo"
TIC;Masculino;"Completamente de acuerdo";"Más bien de acuerdo";"Ni estoy de acuerdo ni en desacuerdo";"Más bien de acuerdo";"Ni estoy de acuerdo ni en desacuerdo";"Ni estoy de acuerdo ni en desacuerdo";"Más bien de acuerdo";"Ni estoy de acuerdo ni en desacuerdo";"Completamente de acuerdo";"Más bien de acuerdo";"Completamente de acuerdo"
TIC;Femenino;"Más bien de acuerdo";"Más bien de acuerdo";"Completamente de acuerdo";"Más bien de acuerdo";"Más bien en desacuerdo";"Completamente de acuerdo";"Ni estoy de acuerdo ni en desacuerdo";"Más bien de acuerdo";"Ni estoy de acuerdo ni en desacuerdo";"Más bien de acuerdo";"Más bien de acuerdo"
TIC;Masculino;"Completamente de acuerdo";"Estoy en desacuerdo";"Completamente de acuerdo";"Completamente de acuerdo";"Estoy en desacuerdo";"Completamente de acuerdo";"Ni estoy de acuerdo ni en desacuerdo";"Completamente de acuerdo";"Completamente de acuerdo";"Más bien de acuerdo";"Completamente de acuerdo"
TIC;Masculino;"Completamente de acuerdo";"Más bien de acuerdo";"Completamente de acuerdo";"Más bien de acuerdo";"Más bien de acuerdo";"Completamente de acuerdo";"Ni estoy de acuerdo ni en desacuerdo";"Ni estoy de acuerdo ni en desacuerdo";"Completamente de acuerdo";"Más bien de acuerdo";"Completamente de acuerdo"
TIC;Femenino;"Completamente de acuerdo";"Más bien de acuerdo";"Completamente de acuerdo";"Más bien de acuerdo";"Completamente de acuerdo";"Completamente de acuerdo";"Más bien de acuerdo";"Ni estoy de acuerdo ni en desacuerdo";"Más bien de acuerdo";"Completamente de acuerdo";"Más bien de acuerdo"
TIC;"Prefiero no decirlo";"Completamente de acuerdo";"Más bien en desacuerdo";"Más bien de acuerdo";"Más bien de acuerdo";"Ni estoy de acuerdo ni en desacuerdo";"Completamente de acuerdo";"Estoy en desacuerdo";"Ni estoy de acuerdo ni en desacuerdo";"Completamente de acuerdo";"Ni estoy de acuerdo ni en desacuerdo";"Más bien de acuerdo"
TIC;Masculino;"Completamente de acuerdo";"Más bien de acuerdo";"Más bien de acuerdo";"Más bien de acuerdo";"Más bien en desacuerdo";"Completamente de acuerdo";"Estoy en desacuerdo";"Ni estoy de acuerdo ni en desacuerdo";"Completamente de acuerdo";"Completamente de acuerdo";"Completamente de acuerdo"
Otras;Femenino;"Más bien de acuerdo";"Más bien de acuerdo";"Más bien de acuerdo";"Ni estoy de acuerdo ni en desacuerdo";"Más bien de acuerdo";"Más bien de acuerdo";"Más bien de acuerdo";"Ni estoy de acuerdo ni en desacuerdo";"Más bien de acuerdo";"Más bien de acuerdo";"Ni estoy de acuerdo ni en desacuerdo"
TIC;Masculino;"Más bien en desacuerdo";"Más bien de acuerdo";"Más bien de acuerdo";"Completamente de acuerdo";"Más bien en desacuerdo";"Ni estoy de acuerdo ni en desacuerdo";"Más bien de acuerdo";"Más bien de acuerdo";"Más bien en desacuerdo";"Más bien en desacuerdo";"Más bien en desacuerdo"
TIC;Masculino;"Más bien en desacuerdo";"Más bien de acuerdo";"Más bien en desacuerdo";"Estoy en desacuerdo";"Más bien de acuerdo";"Estoy en desacuerdo";"Más bien de acuerdo";"Ni estoy de acuerdo ni en desacuerdo";"Más bien en desacuerdo";"Ni estoy de acuerdo ni en desacuerdo";"Estoy en desacuerdo"
Otras;Masculino;"Completamente de acuerdo";"Ni estoy de acuerdo ni en desacuerdo";"Completamente de acuerdo";"Ni estoy de acuerdo ni en desacuerdo";"Más bien en desacuerdo";"Completamente de acuerdo";"Ni estoy de acuerdo ni en desacuerdo";"Ni estoy de acuerdo ni en desacuerdo";"Ni estoy de acuerdo ni en desacuerdo";"Ni estoy de acuerdo ni en desacuerdo";"Más bien de acuerdo"
TIC;Masculino;"Más bien de acuerdo";"Más bien de acuerdo";"Más bien en desacuerdo";"Ni estoy de acuerdo ni en desacuerdo";"Ni estoy de acuerdo ni en desacuerdo";"Completamente de acuerdo";"Completamente de acuerdo";"Más bien en desacuerdo";"Ni estoy de acuerdo ni en desacuerdo";"Más bien de acuerdo";"Más bien de acuerdo"
TIC;Femenino;"Más bien de acuerdo";"Más bien de acuerdo";"Más bien de acuerdo";"Más bien de acuerdo";"Ni estoy de acuerdo ni en desacuerdo";"Más bien de acuerdo";"Más bien en desacuerdo";"Ni estoy de acuerdo ni en desacuerdo";"Más bien en desacuerdo";"Más bien en desacuerdo";"Más bien de acuerdo"
Otras;Femenino;"Completamente de acuerdo";"Más bien de acuerdo";"Completamente de acuerdo";"Ni estoy de acuerdo ni en desacuerdo";"Estoy en desacuerdo";"Completamente de acuerdo";"Estoy en desacuerdo";"Completamente de acuerdo";"Completamente de acuerdo";"Más bien de acuerdo";"Ni estoy de acuerdo ni en desacuerdo"
TIC;Femenino;"Más bien de acuerdo";"Más bien de acuerdo";"Más bien de acuerdo";"Más bien de acuerdo";"Ni estoy de acuerdo ni en desacuerdo";"Más bien de acuerdo";"Más bien de acuerdo";"Ni estoy de acuerdo ni en desacuerdo";"Ni estoy de acuerdo ni en desacuerdo";"Más bien en desacuerdo";"Ni estoy de acuerdo ni en desacuerdo"
Otras;Masculino;"Ni estoy de acuerdo ni en desacuerdo";"Completamente de acuerdo";"Más bien de acuerdo";"Más bien de acuerdo";"Ni estoy de acuerdo ni en desacuerdo";"Estoy en desacuerdo";"Completamente de acuerdo";"Completamente de acuerdo";"Más bien en desacuerdo";"Ni estoy de acuerdo ni en desacuerdo";"Ni estoy de acuerdo ni en desacuerdo"
TIC;Masculino;"Más bien de acuerdo";"Más bien de acuerdo";"Ni estoy de acuerdo ni en desacuerdo";"Completamente de acuerdo";"Estoy en desacuerdo";"Más bien de acuerdo";"Más bien de acuerdo";"Ni estoy de acuerdo ni en desacuerdo";"Ni estoy de acuerdo ni en desacuerdo";"Más bien en desacuerdo";"Ni estoy de acuerdo ni en desacuerdo"
TIC;Femenino;"Ni estoy de acuerdo ni en desacuerdo";"Estoy en desacuerdo";"Más bien de acuerdo";"Completamente de acuerdo";"Estoy en desacuerdo";"Más bien en desacuerdo";"Más bien de acuerdo";"Completamente de acuerdo";"Estoy en desacuerdo";"Estoy en desacuerdo";"Ni estoy de acuerdo ni en desacuerdo"
Otras;Masculino;"Completamente de acuerdo";"Más bien de acuerdo";"Completamente de acuerdo";"Completamente de acuerdo";"Ni estoy de acuerdo ni en desacuerdo";"Completamente de acuerdo";"Más bien en desacuerdo";"Ni estoy de acuerdo ni en desacuerdo";"Más bien de acuerdo";"Más bien de acuerdo";"Más bien de acuerdo"
TIC;Masculino;"Más bien de acuerdo";"Más bien de acuerdo";"Más bien de acuerdo";"Ni estoy de acuerdo ni en desacuerdo";"Ni estoy de acuerdo ni en desacuerdo";"Más bien de acuerdo";"Más bien de acuerdo";"Ni estoy de acuerdo ni en desacuerdo";"Más bien de acuerdo";"Ni estoy de acuerdo ni en desacuerdo";"Más bien de acuerdo"
TIC;Masculino;"Completamente de acuerdo";"Completamente de acuerdo";"Más bien de acuerdo";"Ni estoy de acuerdo ni en desacuerdo";"Ni estoy de acuerdo ni en desacuerdo";"Completamente de acuerdo";"Más bien de acuerdo";"Ni estoy de acuerdo ni en desacuerdo";"Más bien de acuerdo";"Ni estoy de acuerdo ni en desacuerdo";"Completamente de acuerdo"
TIC;Masculino;"Más bien de acuerdo";"Más bien de acuerdo";"Completamente de acuerdo";"Completamente de acuerdo";"Estoy en desacuerdo";"Completamente de acuerdo";"Completamente de acuerdo";"Completamente de acuerdo";"Más bien de acuerdo";"Más bien de acuerdo";"Ni estoy de acuerdo ni en desacuerdo"
TIC;Masculino;"Completamente de acuerdo";"Estoy en desacuerdo";"Más bien de acuerdo";"Completamente de acuerdo";"Estoy en desacuerdo";"Completamente de acuerdo";"Más bien en desacuerdo";"Más bien de acuerdo";"Ni estoy de acuerdo ni en desacuerdo";"Estoy en desacuerdo";"Completamente de acuerdo"
TIC;Masculino;"Completamente de acuerdo";"Más bien de acuerdo";"Completamente de acuerdo";"Completamente de acuerdo";"Ni estoy de acuerdo ni en desacuerdo";"Completamente de acuerdo";"Estoy en desacuerdo";"Ni estoy de acuerdo ni en desacuerdo";"Completamente de acuerdo";"Más bien de acuerdo";"Completamente de acuerdo"
Otras;Femenino;"Ni estoy de acuerdo ni en desacuerdo";"Ni estoy de acuerdo ni en desacuerdo";"Ni estoy de acuerdo ni en desacuerdo";"Más bien en desacuerdo";"Ni estoy de acuerdo ni en desacuerdo";"Ni estoy de acuerdo ni en desacuerdo";"Ni estoy de acuerdo ni en desacuerdo";"Ni estoy de acuerdo ni en desacuerdo";"Ni estoy de acuerdo ni en desacuerdo";"Ni estoy de acuerdo ni en desacuerdo";"Ni estoy de acuerdo ni en desacuerdo"
TIC;Masculino;"Más bien de acuerdo";"Más bien de acuerdo";"Ni estoy de acuerdo ni en desacuerdo";"Completamente de acuerdo";"Más bien en desacuerdo";"Más bien de acuerdo";"Más bien de acuerdo";"Ni estoy de acuerdo ni en desacuerdo";"Más bien en desacuerdo";"Más bien en desacuerdo";"Más bien de acuerdo"
Otras;Femenino;"Completamente de acuerdo";"Estoy en desacuerdo";"Más bien de acuerdo";"Más bien en desacuerdo";"Estoy en desacuerdo";"Más bien de acuerdo";"Más bien en desacuerdo";"Estoy en desacuerdo";"Completamente de acuerdo";"Más bien de acuerdo";"Completamente de acuerdo"
TIC;Masculino;"Más bien de acuerdo";"Completamente de acuerdo";"Completamente de acuerdo";"Completamente de acuerdo";"Más bien en desacuerdo";"Completamente de acuerdo";"Ni estoy de acuerdo ni en desacuerdo";"Más bien de acuerdo";"Completamente de acuerdo";"Más bien de acuerdo";"Completamente de acuerdo"
TIC;Masculino;"Completamente de acuerdo";"Más bien en desacuerdo";"Completamente de acuerdo";"Más bien de acuerdo";"Más bien de acuerdo";"Completamente de acuerdo";"Más bien en desacuerdo";"Más bien de acuerdo";"Más bien de acuerdo";"Más bien de acuerdo";"Completamente de acuerdo"
TIC;Masculino;"Más bien de acuerdo";"Ni estoy de acuerdo ni en desacuerdo";"Más bien en desacuerdo";"Más bien de acuerdo";"Más bien en desacuerdo";"Completamente de acuerdo";"Ni estoy de acuerdo ni en desacuerdo";"Completamente de acuerdo";"Más bien de acuerdo";"Ni estoy de acuerdo ni en desacuerdo";"Más bien de acuerdo"
TIC;Masculino;"Más bien de acuerdo";"Más bien de acuerdo";"Completamente de acuerdo";"Más bien de acuerdo";"Ni estoy de acuerdo ni en desacuerdo";"Más bien de acuerdo";"Completamente de acuerdo";"Más bien de acuerdo";"Más bien de acuerdo";"Más bien de acuerdo";"Ni estoy de acuerdo ni en desacuerdo"
TIC;Femenino;"Completamente de acuerdo";"Más bien de acuerdo";"Más bien de acuerdo";"Ni estoy de acuerdo ni en desacuerdo";"Más bien en desacuerdo";"Más bien de acuerdo";"Más bien en desacuerdo";"Ni estoy de acuerdo ni en desacuerdo";"Ni estoy de acuerdo ni en desacuerdo";"Ni estoy de acuerdo ni en desacuerdo";"Ni estoy de acuerdo ni en desacuerdo"
TIC;Masculino;"Completamente de acuerdo";"Completamente de acuerdo";"Más bien en desacuerdo";"Completamente de acuerdo";"Estoy en desacuerdo";"Ni estoy de acuerdo ni en desacuerdo";"Más bien de acuerdo";"Completamente de acuerdo";"Más bien de acuerdo";"Más bien en desacuerdo";"Más bien en desacuerdo"
TIC;Masculino;"Más bien de acuerdo";"Más bien de acuerdo";"Ni estoy de acuerdo ni en desacuerdo";"Completamente de acuerdo";"Más bien en desacuerdo";"Más bien de acuerdo";"Ni estoy de acuerdo ni en desacuerdo";"Más bien de acuerdo";"Más bien de acuerdo";"Ni estoy de acuerdo ni en desacuerdo";"Más bien de acuerdo"
TIC;Femenino;"Completamente de acuerdo";"Más bien en desacuerdo";"Más bien de acuerdo";"Completamente de acuerdo";"Estoy en desacuerdo";"Completamente de acuerdo";"Más bien en desacuerdo";"Completamente de acuerdo";"Más bien de acuerdo";"Más bien en desacuerdo";"Más bien de acuerdo"
TIC;Masculino;"Completamente de acuerdo";"Completamente de acuerdo";"Completamente de acuerdo";"Completamente de acuerdo";"Más bien en desacuerdo";"Completamente de acuerdo";"Completamente de acuerdo";"Más bien en desacuerdo";"Completamente de acuerdo";"Más bien en desacuerdo";"Completamente de acuerdo"
Otras;Femenino;"Más bien de acuerdo";"Más bien de acuerdo";"Más bien de acuerdo";"Ni estoy de acuerdo ni en desacuerdo";"Más bien en desacuerdo";"Completamente de acuerdo";"Más bien en desacuerdo";"Más bien de acuerdo";"Más bien de acuerdo";"Más bien en desacuerdo";"Más bien de acuerdo"
TIC;Masculino;"Completamente de acuerdo";"Más bien de acuerdo";"Más bien de acuerdo";"Más bien de acuerdo";"Ni estoy de acuerdo ni en desacuerdo";"Completamente de acuerdo";"Más bien en desacuerdo";"Ni estoy de acuerdo ni en desacuerdo";"Completamente de acuerdo";"Ni estoy de acuerdo ni en desacuerdo";"Completamente de acuerdo"
Otras;Masculino;"Completamente de acuerdo";"Más bien en desacuerdo";"Completamente de acuerdo";"Ni estoy de acuerdo ni en desacuerdo";"Más bien en desacuerdo";"Más bien de acuerdo";"Más bien en desacuerdo";"Ni estoy de acuerdo ni en desacuerdo";"Más bien de acuerdo";"Más bien en desacuerdo";"Completamente de acuerdo"
TIC;Masculino;"Más bien de acuerdo";"Más bien en desacuerdo";"Completamente de acuerdo";"Ni estoy de acuerdo ni en desacuerdo";"Más bien en desacuerdo";"Completamente de acuerdo";"Ni estoy de acuerdo ni en desacuerdo";"Ni estoy de acuerdo ni en desacuerdo";"Completamente de acuerdo";"Más bien de acuerdo";"Más bien de acuerdo"
TIC;Masculino;"Más bien de acuerdo";"Más bien de acuerdo";"Más bien de acuerdo";"Completamente de acuerdo";"Más bien en desacuerdo";"Más bien de acuerdo";"Más bien de acuerdo";"Estoy en desacuerdo";"Ni estoy de acuerdo ni en desacuerdo";"Ni estoy de acuerdo ni en desacuerdo";"Más bien de acuerdo"
FFL;Femenino;"Más bien de acuerdo";"Completamente de acuerdo";"Más bien de acuerdo";"Ni estoy de acuerdo ni en desacuerdo";"Ni estoy de acuerdo ni en desacuerdo";"Más bien de acuerdo";"Más bien de acuerdo";"Ni estoy de acuerdo ni en desacuerdo";"Ni estoy de acuerdo ni en desacuerdo";"Más bien de acuerdo";"Más bien de acuerdo"
FFL;Femenino;"Completamente de acuerdo";"Completamente de acuerdo";"Completamente de acuerdo";"Ni estoy de acuerdo ni en desacuerdo";"Más bien en desacuerdo";"Ni estoy de acuerdo ni en desacuerdo";"Estoy en desacuerdo";"Estoy en desacuerdo";"Completamente de acuerdo";"Más bien en desacuerdo";"Más bien de acuerdo"
TIC;Masculino;"Ni estoy de acuerdo ni en desacuerdo";"Más bien de acuerdo";"Completamente de acuerdo";"Más bien de acuerdo";"Más bien en desacuerdo";"Más bien de acuerdo";"Estoy en desacuerdo";"Ni estoy de acuerdo ni en desacuerdo";"Más bien de acuerdo";"Más bien en desacuerdo";"Completamente de acuerdo"
TIC;Masculino;"Más bien de acuerdo";"Ni estoy de acuerdo ni en desacuerdo";"Más bien de acuerdo";"Más bien de acuerdo";"Más bien en desacuerdo";"Ni estoy de acuerdo ni en desacuerdo";"Más bien en desacuerdo";"Más bien de acuerdo";"Más bien en desacuerdo";"Ni estoy de acuerdo ni en desacuerdo";"Más bien de acuerdo"
TIC;Masculino;"Completamente de acuerdo";"Más bien de acuerdo";"Más bien de acuerdo";"Más bien de acuerdo";"Ni estoy de acuerdo ni en desacuerdo";"Completamente de acuerdo";"Más bien en desacuerdo";"Más bien en desacuerdo";"Completamente de acuerdo";"Más bien de acuerdo";"Completamente de acuerdo"
TIC;Femenino;"Completamente de acuerdo";"Ni estoy de acuerdo ni en desacuerdo";"Más bien de acuerdo";"Más bien de acuerdo";"Más bien en desacuerdo";"Más bien de acuerdo";"Más bien en desacuerdo";"Ni estoy de acuerdo ni en desacuerdo";"Más bien de acuerdo";"Ni estoy de acuerdo ni en desacuerdo";"Más bien de acuerdo"
FFL;Femenino;"Completamente de acuerdo";"Ni estoy de acuerdo ni en desacuerdo";"Completamente de acuerdo";"Más bien de acuerdo";"Ni estoy de acuerdo ni en desacuerdo";"Más bien de acuerdo";"Ni estoy de acuerdo ni en desacuerdo";"Más bien de acuerdo";"Más bien de acuerdo";"Más bien de acuerdo";"Ni estoy de acuerdo ni en desacuerdo"
TIC;Masculino;"Completamente de acuerdo";"Más bien de acuerdo";"Completamente de acuerdo";"Ni estoy de acuerdo ni en desacuerdo";"Más bien en desacuerdo";"Más bien de acuerdo";"Más bien de acuerdo";"Más bien de acuerdo";"Más bien de acuerdo";"Más bien de acuerdo";"Completamente de acuerdo"
TIC;Masculino;"Completamente de acuerdo";"Más bien de acuerdo";"Completamente de acuerdo";"Ni estoy de acuerdo ni en desacuerdo";"Más bien en desacuerdo";"Más bien de acuerdo";"Más bien de acuerdo";"Más bien de acuerdo";"Completamente de acuerdo";"Más bien de acuerdo";"Más bien de acuerdo"
TIC;Masculino;"Más bien de acuerdo";"Más bien de acuerdo";"Completamente de acuerdo";"Más bien de acuerdo";"Ni estoy de acuerdo ni en desacuerdo";"Más bien de acuerdo";"Ni estoy de acuerdo ni en desacuerdo";"Estoy en desacuerdo";"Ni estoy de acuerdo ni en desacuerdo";"Más bien de acuerdo";"Ni estoy de acuerdo ni en desacuerdo"
Otras;Masculino;"Más bien de acuerdo";"Más bien de acuerdo";"Más bien de acuerdo";"Más bien de acuerdo";"Más bien en desacuerdo";"Más bien de acuerdo";"Más bien de acuerdo";"Ni estoy de acuerdo ni en desacuerdo";"Más bien de acuerdo";"Ni estoy de acuerdo ni en desacuerdo";"Ni estoy de acuerdo ni en desacuerdo"
Otras;Masculino;"Estoy en desacuerdo";"Completamente de acuerdo";"Más bien en desacuerdo";"Completamente de acuerdo";"Estoy en desacuerdo";"Estoy en desacuerdo";"Completamente de acuerdo";"Más bien de acuerdo";"Estoy en desacuerdo";"Estoy en desacuerdo";"Estoy en desacuerdo"
Otras;Masculino;"Completamente de acuerdo";"Más bien en desacuerdo";"Más bien de acuerdo";"Ni estoy de acuerdo ni en desacuerdo";"Ni estoy de acuerdo ni en desacuerdo";"Más bien de acuerdo";"Más bien en desacuerdo";"Ni estoy de acuerdo ni en desacuerdo";"Más bien de acuerdo";"Ni estoy de acuerdo ni en desacuerdo";"Más bien de acuerdo"
FFL;"Prefiero no decirlo";"Estoy en desacuerdo";"Más bien de acuerdo";"Estoy en desacuerdo";"Completamente de acuerdo";"Estoy en desacuerdo";"Más bien en desacuerdo";"Completamente de acuerdo";"Completamente de acuerdo";"Estoy en desacuerdo";"Estoy en desacuerdo";"Estoy en desacuerdo"
TIC;Masculino;"Más bien de acuerdo";"Ni estoy de acuerdo ni en desacuerdo";"Completamente de acuerdo";"Completamente de acuerdo";"Más bien de acuerdo";"Más bien de acuerdo";"Ni estoy de acuerdo ni en desacuerdo";"Más bien en desacuerdo";"Más bien de acuerdo";"Completamente de acuerdo";"Ni estoy de acuerdo ni en desacuerdo"
Otras;Femenino;"Ni estoy de acuerdo ni en desacuerdo";"Completamente de acuerdo";"Más bien de acuerdo";"Completamente de acuerdo";"Ni estoy de acuerdo ni en desacuerdo";"Ni estoy de acuerdo ni en desacuerdo";"Más bien de acuerdo";"Ni estoy de acuerdo ni en desacuerdo";"Más bien en desacuerdo";"Ni estoy de acuerdo ni en desacuerdo";"Ni estoy de acuerdo ni en desacuerdo"
TIC;Masculino;"Completamente de acuerdo";"Ni estoy de acuerdo ni en desacuerdo";"Completamente de acuerdo";"Más bien de acuerdo";"Ni estoy de acuerdo ni en desacuerdo";"Completamente de acuerdo";"Ni estoy de acuerdo ni en desacuerdo";"Más bien en desacuerdo";"Más bien de acuerdo";"Más bien de acuerdo";"Más bien de acuerdo"
Otras;Femenino;"Estoy en desacuerdo";"Más bien de acuerdo";"Más bien de acuerdo";"Más bien de acuerdo";"Más bien en desacuerdo";"Más bien de acuerdo";"Más bien de acuerdo";"Más bien de acuerdo";"Ni estoy de acuerdo ni en desacuerdo";"Más bien de acuerdo";"Ni estoy de acuerdo ni en desacuerdo"
Otras;Masculino;"Más bien de acuerdo";"Completamente de acuerdo";"Completamente de acuerdo";"Completamente de acuerdo";"Ni estoy de acuerdo ni en desacuerdo";"Más bien de acuerdo";"Completamente de acuerdo";"Ni estoy de acuerdo ni en desacuerdo";"Más bien de acuerdo";"Ni estoy de acuerdo ni en desacuerdo";"Más bien de acuerdo"
Otras;Femenino;"Ni estoy de acuerdo ni en desacuerdo";"Ni estoy de acuerdo ni en desacuerdo";"Ni estoy de acuerdo ni en desacuerdo";"Más bien de acuerdo";"Más bien en desacuerdo";"Más bien de acuerdo";"Más bien en desacuerdo";"Ni estoy de acuerdo ni en desacuerdo";"Más bien de acuerdo";"Más bien en desacuerdo";"Más bien de acuerdo"
TIC;Masculino;"Completamente de acuerdo";"Más bien de acuerdo";"Más bien de acuerdo";"Completamente de acuerdo";"Ni estoy de acuerdo ni en desacuerdo";"Más bien de acuerdo";"Ni estoy de acuerdo ni en desacuerdo";"Estoy en desacuerdo";"Más bien en desacuerdo";"Ni estoy de acuerdo ni en desacuerdo";"Más bien de acuerdo"
Otras;Femenino;"Completamente de acuerdo";"Completamente de acuerdo";"Más bien de acuerdo";"Ni estoy de acuerdo ni en desacuerdo";"Más bien en desacuerdo";"Más bien en desacuerdo";"Completamente de acuerdo";"Más bien en desacuerdo";"Ni estoy de acuerdo ni en desacuerdo";"Ni estoy de acuerdo ni en desacuerdo";"Más bien en desacuerdo"
Otras;Femenino;"Ni estoy de acuerdo ni en desacuerdo";"Completamente de acuerdo";"Estoy en desacuerdo";"Completamente de acuerdo";"Estoy en desacuerdo";"Ni estoy de acuerdo ni en desacuerdo";"Completamente de acuerdo";"Completamente de acuerdo";"Ni estoy de acuerdo ni en desacuerdo";"Estoy en desacuerdo";"Ni estoy de acuerdo ni en desacuerdo"
TIC;Femenino;"Completamente de acuerdo";"Completamente de acuerdo";"Ni estoy de acuerdo ni en desacuerdo";"Ni estoy de acuerdo ni en desacuerdo";"Estoy en desacuerdo";"Más bien de acuerdo";"Completamente de acuerdo";"Más bien de acuerdo";"Más bien de acuerdo";"Más bien en desacuerdo";"Ni estoy de acuerdo ni en desacuerdo"
Otras;Femenino;"Completamente de acuerdo";"Ni estoy de acuerdo ni en desacuerdo";"Completamente de acuerdo";"Ni estoy de acuerdo ni en desacuerdo";"Ni estoy de acuerdo ni en desacuerdo";"Completamente de acuerdo";"Más bien de acuerdo";"Más bien de acuerdo";"Completamente de acuerdo";"Completamente de acuerdo";"Más bien de acuerdo"
Otras;Femenino;"Completamente de acuerdo";"Más bien de acuerdo";"Completamente de acuerdo";"Más bien de acuerdo";"Completamente de acuerdo";"Completamente de acuerdo";"Ni estoy de acuerdo ni en desacuerdo";"Más bien de acuerdo";"Ni estoy de acuerdo ni en desacuerdo";"Completamente de acuerdo";"Más bien de acuerdo"
FFL;Femenino;"Completamente de acuerdo";"Más bien de acuerdo";"Más bien de acuerdo";"Más bien de acuerdo";"Más bien en desacuerdo";"Más bien de acuerdo";"Más bien de acuerdo";"Más bien de acuerdo";"Más bien de acuerdo";"Más bien de acuerdo";"Ni estoy de acuerdo ni en desacuerdo"
Otras;Femenino;"Más bien de acuerdo";"Ni estoy de acuerdo ni en desacuerdo";"Completamente de acuerdo";"Más bien en desacuerdo";"Ni estoy de acuerdo ni en desacuerdo";"Más bien de acuerdo";"Ni estoy de acuerdo ni en desacuerdo";"Ni estoy de acuerdo ni en desacuerdo";"Más bien de acuerdo";"Más bien de acuerdo";"Ni estoy de acuerdo ni en desacuerdo"
Otras;Femenino;"Más bien de acuerdo";"Más bien de acuerdo";"Completamente de acuerdo";"Más bien de acuerdo";"Ni estoy de acuerdo ni en desacuerdo";"Más bien de acuerdo";"Completamente de acuerdo";"Más bien en desacuerdo";"Ni estoy de acuerdo ni en desacuerdo";"Ni estoy de acuerdo ni en desacuerdo";"Ni estoy de acuerdo ni en desacuerdo"
Otras;Femenino;"Ni estoy de acuerdo ni en desacuerdo";"Más bien de acuerdo";"Ni estoy de acuerdo ni en desacuerdo";"Más bien de acuerdo";"Más bien en desacuerdo";"Más bien de acuerdo";"Ni estoy de acuerdo ni en desacuerdo";"Más bien de acuerdo";"Más bien de acuerdo";"Ni estoy de acuerdo ni en desacuerdo";"Más bien en desacuerdo"
TIC;Masculino;"Ni estoy de acuerdo ni en desacuerdo";"Más bien en desacuerdo";"Más bien de acuerdo";"Más bien de acuerdo";"Ni estoy de acuerdo ni en desacuerdo";"Más bien de acuerdo";"Más bien en desacuerdo";"Ni estoy de acuerdo ni en desacuerdo";"Más bien de acuerdo";"Más bien en desacuerdo";"Ni estoy de acuerdo ni en desacuerdo"
Otras;Masculino;"Más bien en desacuerdo";"Más bien de acuerdo";"Más bien de acuerdo";"Ni estoy de acuerdo ni en desacuerdo";"Más bien de acuerdo";"Más bien de acuerdo";"Ni estoy de acuerdo ni en desacuerdo";"Ni estoy de acuerdo ni en desacuerdo";"Estoy en desacuerdo";"Más bien en desacuerdo";"Más bien de acuerdo"
FFL;Masculino;"Completamente de acuerdo";"Completamente de acuerdo";"Más bien de acuerdo";"Completamente de acuerdo";"Más bien de acuerdo";"Completamente de acuerdo";"Completamente de acuerdo";"Ni estoy de acuerdo ni en desacuerdo";"Más bien en desacuerdo";"Más bien en desacuerdo";"Más bien de acuerdo"
Otras;Masculino;"Estoy en desacuerdo";"Más bien de acuerdo";"Más bien en desacuerdo";"Completamente de acuerdo";"Estoy en desacuerdo";"Más bien en desacuerdo";"Más bien de acuerdo";"Completamente de acuerdo";"Estoy en desacuerdo";"Estoy en desacuerdo";"Estoy en desacuerdo"
Otras;Femenino;"Más bien de acuerdo";"Más bien de acuerdo";"Más bien de acuerdo";"Completamente de acuerdo";"Más bien en desacuerdo";"Más bien en desacuerdo";"Completamente de acuerdo";"Ni estoy de acuerdo ni en desacuerdo";"Más bien de acuerdo";"Más bien en desacuerdo";"Ni estoy de acuerdo ni en desacuerdo"
Otras;Femenino;"Ni estoy de acuerdo ni en desacuerdo";"Ni estoy de acuerdo ni en desacuerdo";"Ni estoy de acuerdo ni en desacuerdo";"Ni estoy de acuerdo ni en desacuerdo";"Ni estoy de acuerdo ni en desacuerdo";"Ni estoy de acuerdo ni en desacuerdo";"Ni estoy de acuerdo ni en desacuerdo";"Ni estoy de acuerdo ni en desacuerdo";"Ni estoy de acuerdo ni en desacuerdo";"Ni estoy de acuerdo ni en desacuerdo";"Ni estoy de acuerdo ni en desacuerdo"
Otras;"Prefiero no decirlo";"Más bien de acuerdo";"Más bien en desacuerdo";"Más bien en desacuerdo";"Ni estoy de acuerdo ni en desacuerdo";"Estoy en desacuerdo";"Ni estoy de acuerdo ni en desacuerdo";"Más bien de acuerdo";"Ni estoy de acuerdo ni en desacuerdo";"Ni estoy de acuerdo ni en desacuerdo";"Más bien en desacuerdo";"Ni estoy de acuerdo ni en desacuerdo"
FFL;Femenino;"Más bien en desacuerdo";"Completamente de acuerdo";"Ni estoy de acuerdo ni en desacuerdo";"Ni estoy de acuerdo ni en desacuerdo";"Más bien en desacuerdo";"Más bien de acuerdo";"Más bien en desacuerdo";"Ni estoy de acuerdo ni en desacuerdo";"Más bien de acuerdo";"Ni estoy de acuerdo ni en desacuerdo";"Ni estoy de acuerdo ni en desacuerdo"
Otras;Femenino;"Ni estoy de acuerdo ni en desacuerdo";"Completamente de acuerdo";"Más bien en desacuerdo";"Completamente de acuerdo";"Estoy en desacuerdo";"Estoy en desacuerdo";"Completamente de acuerdo";"Completamente de acuerdo";"Estoy en desacuerdo";"Estoy en desacuerdo";"Más bien en desacuerdo"
TIC;Masculino;"Ni estoy de acuerdo ni en desacuerdo";"Completamente de acuerdo";"Más bien de acuerdo";"Más bien de acuerdo";"Más bien en desacuerdo";"Más bien de acuerdo";"Más bien de acuerdo";"Ni estoy de acuerdo ni en desacuerdo";"Más bien en desacuerdo";"Ni estoy de acuerdo ni en desacuerdo";"Ni estoy de acuerdo ni en desacuerdo"
Otras;Femenino;"Ni estoy de acuerdo ni en desacuerdo";"Completamente de acuerdo";"Más bien de acuerdo";"Ni estoy de acuerdo ni en desacuerdo";"Ni estoy de acuerdo ni en desacuerdo";"Ni estoy de acuerdo ni en desacuerdo";"Más bien de acuerdo";"Ni estoy de acuerdo ni en desacuerdo";"Más bien en desacuerdo";"Ni estoy de acuerdo ni en desacuerdo";"Más bien en desacuerdo"
TIC;Masculino;"Completamente de acuerdo";"Más bien de acuerdo";"Completamente de acuerdo";"Ni estoy de acuerdo ni en desacuerdo";"Ni estoy de acuerdo ni en desacuerdo";"Completamente de acuerdo";"Más bien de acuerdo";"Estoy en desacuerdo";"Más bien de acuerdo";"Más bien de acuerdo";"Completamente de acuerdo"
TIC;"Prefiero no decirlo";"Más bien de acuerdo";"Más bien de acuerdo";"Completamente de acuerdo";"Más bien de acuerdo";"Más bien en desacuerdo";"Completamente de acuerdo";"Más bien de acuerdo";"Ni estoy de acuerdo ni en desacuerdo";"Ni estoy de acuerdo ni en desacuerdo";"Ni estoy de acuerdo ni en desacuerdo";"Ni estoy de acuerdo ni en desacuerdo"
TIC;Femenino;"Completamente de acuerdo";"Más bien de acuerdo";"Más bien de acuerdo";"Ni estoy de acuerdo ni en desacuerdo";"Más bien en desacuerdo";"Completamente de acuerdo";"Estoy en desacuerdo";"Más bien en desacuerdo";"Completamente de acuerdo";"Ni estoy de acuerdo ni en desacuerdo";"Completamente de acuerdo"
Otras;Femenino;"Completamente de acuerdo";"Más bien de acuerdo";"Más bien de acuerdo";"Ni estoy de acuerdo ni en desacuerdo";"Ni estoy de acuerdo ni en desacuerdo";"Completamente de acuerdo";"Más bien en desacuerdo";"Ni estoy de acuerdo ni en desacuerdo";"Más bien de acuerdo";"Ni estoy de acuerdo ni en desacuerdo";"Completamente de acuerdo"
TIC;Femenino;"Más bien de acuerdo";"Estoy en desacuerdo";"Completamente de acuerdo";"Completamente de acuerdo";"Ni estoy de acuerdo ni en desacuerdo";"Completamente de acuerdo";"Más bien en desacuerdo";"Más bien en desacuerdo";"Ni estoy de acuerdo ni en desacuerdo";"Ni estoy de acuerdo ni en desacuerdo";"Ni estoy de acuerdo ni en desacuerdo"
Otras;Masculino;"Completamente de acuerdo";"Más bien de acuerdo";"Ni estoy de acuerdo ni en desacuerdo";"Más bien en desacuerdo";"Ni estoy de acuerdo ni en desacuerdo";"Completamente de acuerdo";"Ni estoy de acuerdo ni en desacuerdo";"Ni estoy de acuerdo ni en desacuerdo";"Más bien de acuerdo";"Ni estoy de acuerdo ni en desacuerdo";"Más bien de acuerdo"
FFL;Femenino;"Ni estoy de acuerdo ni en desacuerdo";"Más bien de acuerdo";"Completamente de acuerdo";"Más bien de acuerdo";"Ni estoy de acuerdo ni en desacuerdo";"Ni estoy de acuerdo ni en desacuerdo";"Más bien de acuerdo";"Más bien de acuerdo";"Más bien en desacuerdo";"Ni estoy de acuerdo ni en desacuerdo";"Más bien de acuerdo"
Otras;Femenino;"Más bien de acuerdo";"Más bien de acuerdo";"Más bien de acuerdo";"Más bien de acuerdo";"Ni estoy de acuerdo ni en desacuerdo";"Más bien de acuerdo";"Más bien de acuerdo";"Más bien en desacuerdo";"Más bien de acuerdo";"Ni estoy de acuerdo ni en desacuerdo";"Más bien de acuerdo"
FFL;Masculino;"Más bien de acuerdo";"Ni estoy de acuerdo ni en desacuerdo";"Más bien de acuerdo";"Más bien en desacuerdo";"Ni estoy de acuerdo ni en desacuerdo";"Completamente de acuerdo";"Ni estoy de acuerdo ni en desacuerdo";"Más bien en desacuerdo";"Completamente de acuerdo";"Más bien de acuerdo";"Más bien de acuerdo"
FFL;Femenino;"Más bien en desacuerdo";"Completamente de acuerdo";"Ni estoy de acuerdo ni en desacuerdo";"Ni estoy de acuerdo ni en desacuerdo";"Más bien en desacuerdo";"Ni estoy de acuerdo ni en desacuerdo";"Completamente de acuerdo";"Completamente de acuerdo";"Estoy en desacuerdo";"Más bien en desacuerdo";"Más bien en desacuerdo"
Otras;Femenino;"Completamente de acuerdo";"Completamente de acuerdo";"Completamente de acuerdo";"Completamente de acuerdo";"Más bien en desacuerdo";"Completamente de acuerdo";"Más bien de acuerdo";"Más bien en desacuerdo";"Más bien de acuerdo";"Más bien en desacuerdo";"Completamente de acuerdo"
Otras;Femenino;"Ni estoy de acuerdo ni en desacuerdo";"Más bien de acuerdo";"Más bien de acuerdo";"Más bien de acuerdo";"Más bien en desacuerdo";"Más bien de acuerdo";"Ni estoy de acuerdo ni en desacuerdo";"Ni estoy de acuerdo ni en desacuerdo";"Ni estoy de acuerdo ni en desacuerdo";"Ni estoy de acuerdo ni en desacuerdo";"Ni estoy de acuerdo ni en desacuerdo"
TIC;Masculino;"Completamente de acuerdo";"Más bien de acuerdo";"Más bien de acuerdo";"Ni estoy de acuerdo ni en desacuerdo";"Más bien de acuerdo";"Completamente de acuerdo";"Más bien de acuerdo";"Más bien en desacuerdo";"Completamente de acuerdo";"Más bien en desacuerdo";"Completamente de acuerdo"
Otras;Masculino;"Más bien de acuerdo";"Más bien en desacuerdo";"Más bien de acuerdo";"Más bien de acuerdo";"Estoy en desacuerdo";"Completamente de acuerdo";"Más bien en desacuerdo";"Más bien de acuerdo";"Más bien en desacuerdo";"Ni estoy de acuerdo ni en desacuerdo";"Más bien de acuerdo"
Otras;Masculino;"Estoy en desacuerdo";"Completamente de acuerdo";"Estoy en desacuerdo";"Completamente de acuerdo";"Estoy en desacuerdo";"Estoy en desacuerdo";"Completamente de acuerdo";"Completamente de acuerdo";"Estoy en desacuerdo";"Estoy en desacuerdo";"Estoy en desacuerdo"
Otras;Masculino;"Completamente de acuerdo";"Más bien de acuerdo";"Completamente de acuerdo";"Más bien en desacuerdo";"Más bien de acuerdo";"Más bien de acuerdo";"Completamente de acuerdo";"Más bien en desacuerdo";"Más bien de acuerdo";"Más bien de acuerdo";"Completamente de acuerdo"
Otras;Femenino;"Más bien de acuerdo";"Más bien en desacuerdo";"Más bien de acuerdo";"Estoy en desacuerdo";"Estoy en desacuerdo";"Más bien de acuerdo";"Más bien de acuerdo";"Completamente de acuerdo";"Más bien de acuerdo";"Ni estoy de acuerdo ni en desacuerdo";"Ni estoy de acuerdo ni en desacuerdo"
Otras;Femenino;"Más bien de acuerdo";"Completamente de acuerdo";"Más bien en desacuerdo";"Completamente de acuerdo";"Ni estoy de acuerdo ni en desacuerdo";"Estoy en desacuerdo";"Ni estoy de acuerdo ni en desacuerdo";"Más bien de acuerdo";"Más bien en desacuerdo";"Estoy en desacuerdo";"Ni estoy de acuerdo ni en desacuerdo"
Otras;Masculino;"Ni estoy de acuerdo ni en desacuerdo";"Ni estoy de acuerdo ni en desacuerdo";"Más bien de acuerdo";"Ni estoy de acuerdo ni en desacuerdo";"Estoy en desacuerdo";"Más bien en desacuerdo";"Estoy en desacuerdo";"Más bien de acuerdo";"Más bien en desacuerdo";"Más bien en desacuerdo";"Más bien en desacuerdo"
TIC;Femenino;"Más bien de acuerdo";"Más bien de acuerdo";"Completamente de acuerdo";"Ni estoy de acuerdo ni en desacuerdo";"Ni estoy de acuerdo ni en desacuerdo";"Más bien de acuerdo";"Estoy en desacuerdo";"Ni estoy de acuerdo ni en desacuerdo";"Más bien de acuerdo";"Ni estoy de acuerdo ni en desacuerdo";"Más bien de acuerdo"
TIC;Femenino;"Completamente de acuerdo";"Completamente de acuerdo";"Más bien de acuerdo";"Ni estoy de acuerdo ni en desacuerdo";"Ni estoy de acuerdo ni en desacuerdo";"Completamente de acuerdo";"Más bien en desacuerdo";"Ni estoy de acuerdo ni en desacuerdo";"Completamente de acuerdo";"Más bien en desacuerdo";"Más bien de acuerdo"
Otras;Femenino;"Completamente de acuerdo";"Completamente de acuerdo";"Completamente de acuerdo";"Ni estoy de acuerdo ni en desacuerdo";"Completamente de acuerdo";"Completamente de acuerdo";"Completamente de acuerdo";"Más bien de acuerdo";"Más bien de acuerdo";"Completamente de acuerdo";"Ni estoy de acuerdo ni en desacuerdo"
FFL;Femenino;"Más bien de acuerdo";"Completamente de acuerdo";"Más bien de acuerdo";"Completamente de acuerdo";"Completamente de acuerdo";"Más bien de acuerdo";"Completamente de acuerdo";"Completamente de acuerdo";"Más bien de acuerdo";"Completamente de acuerdo";"Ni estoy de acuerdo ni en desacuerdo"
FFL;Femenino;"Completamente de acuerdo";"Más bien en desacuerdo";"Completamente de acuerdo";"Ni estoy de acuerdo ni en desacuerdo";"Más bien de acuerdo";"Más bien de acuerdo";"Ni estoy de acuerdo ni en desacuerdo";"Ni estoy de acuerdo ni en desacuerdo";"Estoy en desacuerdo";"Más bien de acuerdo";"Ni estoy de acuerdo ni en desacuerdo"
FFL;Femenino;"Más bien en desacuerdo";"Más bien de acuerdo";"Completamente de acuerdo";"Más bien en desacuerdo";"Ni estoy de acuerdo ni en desacuerdo";"Completamente de acuerdo";"Más bien de acuerdo";"Ni estoy de acuerdo ni en desacuerdo";"Más bien en desacuerdo";"Más bien de acuerdo";"Ni estoy de acuerdo ni en desacuerdo"
FFL;Femenino;"Más bien de acuerdo";"Más bien de acuerdo";"Ni estoy de acuerdo ni en desacuerdo";"Ni estoy de acuerdo ni en desacuerdo";"Ni estoy de acuerdo ni en desacuerdo";"Más bien de acuerdo";"Más bien en desacuerdo";"Ni estoy de acuerdo ni en desacuerdo";"Ni estoy de acuerdo ni en desacuerdo";"Más bien de acuerdo";"Más bien de acuerdo"
FFL;Masculino;"Completamente de acuerdo";"Más bien en desacuerdo";"Completamente de acuerdo";"Más bien de acuerdo";"Más bien en desacuerdo";"Completamente de acuerdo";"Más bien de acuerdo";"Ni estoy de acuerdo ni en desacuerdo";"Ni estoy de acuerdo ni en desacuerdo";"Ni estoy de acuerdo ni en desacuerdo";"Completamente de acuerdo"
FFL;Femenino;"Ni estoy de acuerdo ni en desacuerdo";"Completamente de acuerdo";"Completamente de acuerdo";"Ni estoy de acuerdo ni en desacuerdo";"Estoy en desacuerdo";"Más bien en desacuerdo";"Más bien de acuerdo";"Más bien de acuerdo";"Ni estoy de acuerdo ni en desacuerdo";"Estoy en desacuerdo";"Más bien en desacuerdo"
FFL;Femenino;"Completamente de acuerdo";"Completamente de acuerdo";"Más bien de acuerdo";"Ni estoy de acuerdo ni en desacuerdo";"Ni estoy de acuerdo ni en desacuerdo";"Completamente de acuerdo";"Más bien de acuerdo";"Más bien en desacuerdo";"Más bien en desacuerdo";"Completamente de acuerdo";"Más bien en desacuerdo"
FFL;Femenino;"Ni estoy de acuerdo ni en desacuerdo";"Completamente de acuerdo";"Completamente de acuerdo";"Ni estoy de acuerdo ni en desacuerdo";"Más bien en desacuerdo";"Estoy en desacuerdo";"Completamente de acuerdo";"Completamente de acuerdo";"Estoy en desacuerdo";"Ni estoy de acuerdo ni en desacuerdo";"Ni estoy de acuerdo ni en desacuerdo"
FFL;Femenino;"Más bien de acuerdo";"Completamente de acuerdo";"Completamente de acuerdo";"Ni estoy de acuerdo ni en desacuerdo";"Ni estoy de acuerdo ni en desacuerdo";"Más bien de acuerdo";"Completamente de acuerdo";"Más bien de acuerdo";"Más bien en desacuerdo";"Más bien en desacuerdo";"Ni estoy de acuerdo ni en desacuerdo"
FFL;Femenino;"Más bien de acuerdo";"Completamente de acuerdo";"Completamente de acuerdo";"Ni estoy de acuerdo ni en desacuerdo";"Ni estoy de acuerdo ni en desacuerdo";"Más bien de acuerdo";"Completamente de acuerdo";"Ni estoy de acuerdo ni en desacuerdo";"Ni estoy de acuerdo ni en desacuerdo";"Ni estoy de acuerdo ni en desacuerdo";"Ni estoy de acuerdo ni en desacuerdo"
FFL;Femenino;"Más bien de acuerdo";"Ni estoy de acuerdo ni en desacuerdo";"Completamente de acuerdo";"Más bien en desacuerdo";"Ni estoy de acuerdo ni en desacuerdo";"Ni estoy de acuerdo ni en desacuerdo";"Más bien de acuerdo";"Ni estoy de acuerdo ni en desacuerdo";"Ni estoy de acuerdo ni en desacuerdo";"Más bien de acuerdo";"Ni estoy de acuerdo ni en desacuerdo"
FFL;Masculino;"Más bien de acuerdo";"Completamente de acuerdo";"Completamente de acuerdo";"Más bien de acuerdo";"Ni estoy de acuerdo ni en desacuerdo";"Más bien de acuerdo";"Completamente de acuerdo";"Ni estoy de acuerdo ni en desacuerdo";"Estoy en desacuerdo";"Ni estoy de acuerdo ni en desacuerdo";"Más bien de acuerdo"
FFL;Femenino;"Más bien de acuerdo";"Más bien de acuerdo";"Más bien de acuerdo";"Ni estoy de acuerdo ni en desacuerdo";"Ni estoy de acuerdo ni en desacuerdo";"Más bien de acuerdo";"Más bien de acuerdo";"Más bien de acuerdo";"Ni estoy de acuerdo ni en desacuerdo";"Ni estoy de acuerdo ni en desacuerdo";"Ni estoy de acuerdo ni en desacuerdo"
FFL;Masculino;"Más bien de acuerdo";"Completamente de acuerdo";"Más bien de acuerdo";"Ni estoy de acuerdo ni en desacuerdo";"Más bien en desacuerdo";"Ni estoy de acuerdo ni en desacuerdo";"Más bien de acuerdo";"Ni estoy de acuerdo ni en desacuerdo";"Más bien en desacuerdo";"Estoy en desacuerdo";"Más bien en desacuerdo"
FFL;Masculino;"Más bien de acuerdo";"Más bien de acuerdo";"Ni estoy de acuerdo ni en desacuerdo";"Ni estoy de acuerdo ni en desacuerdo";"Completamente de acuerdo";"Más bien de acuerdo";"Ni estoy de acuerdo ni en desacuerdo";"Más bien en desacuerdo";"Completamente de acuerdo";"Más bien en desacuerdo";"Ni estoy de acuerdo ni en desacuerdo"
FFL;Femenino;"Completamente de acuerdo";"Más bien de acuerdo";"Más bien de acuerdo";"Ni estoy de acuerdo ni en desacuerdo";"Ni estoy de acuerdo ni en desacuerdo";"Más bien de acuerdo";"Más bien de acuerdo";"Más bien en desacuerdo";"Más bien de acuerdo";"Más bien de acuerdo";"Ni estoy de acuerdo ni en desacuerdo"
FFL;Masculino;"Más bien de acuerdo";"Completamente de acuerdo";"Completamente de acuerdo";"Más bien de acuerdo";"Ni estoy de acuerdo ni en desacuerdo";"Más bien en desacuerdo";"Más bien en desacuerdo";"Más bien de acuerdo";"Ni estoy de acuerdo ni en desacuerdo";"Completamente de acuerdo";"Más bien de acuerdo"
FFL;Masculino;"Ni estoy de acuerdo ni en desacuerdo";"Completamente de acuerdo";"Ni estoy de acuerdo ni en desacuerdo";"Más bien de acuerdo";"Más bien en desacuerdo";"Ni estoy de acuerdo ni en desacuerdo";"Completamente de acuerdo";"Más bien de acuerdo";"Estoy en desacuerdo";"Ni estoy de acuerdo ni en desacuerdo";"Ni estoy de acuerdo ni en desacuerdo"
FFL;Femenino;"Completamente de acuerdo";"Más bien de acuerdo";"Completamente de acuerdo";"Más bien en desacuerdo";"Estoy en desacuerdo";"Más bien de acuerdo";"Completamente de acuerdo";"Más bien de acuerdo";"Más bien de acuerdo";"Más bien de acuerdo";"Ni estoy de acuerdo ni en desacuerdo"
FFL;Masculino;"Más bien de acuerdo";"Ni estoy de acuerdo ni en desacuerdo";"Completamente de acuerdo";"Más bien de acuerdo";"Ni estoy de acuerdo ni en desacuerdo";"Completamente de acuerdo";"Más bien en desacuerdo";"Estoy en desacuerdo";"Ni estoy de acuerdo ni en desacuerdo";"Completamente de acuerdo";"Más bien de acuerdo"
FFL;Femenino;"Completamente de acuerdo";"Más bien de acuerdo";"Completamente de acuerdo";"Ni estoy de acuerdo ni en desacuerdo";"Ni estoy de acuerdo ni en desacuerdo";"Completamente de acuerdo";"Ni estoy de acuerdo ni en desacuerdo";"Estoy en desacuerdo";"Completamente de acuerdo";"Más bien de acuerdo";"Más bien de acuerdo"
FFL;Femenino;"Más bien de acuerdo";"Más bien de acuerdo";"Más bien de acuerdo";"Completamente de acuerdo";"Estoy en desacuerdo";"Estoy en desacuerdo";"Completamente de acuerdo";"Completamente de acuerdo";"Más bien en desacuerdo";"Estoy en desacuerdo";"Ni estoy de acuerdo ni en desacuerdo"
Otras;Femenino;"Más bien de acuerdo";"Más bien de acuerdo";"Más bien de acuerdo";"Ni estoy de acuerdo ni en desacuerdo";"Más bien en desacuerdo";"Más bien de acuerdo";"Ni estoy de acuerdo ni en desacuerdo";"Ni estoy de acuerdo ni en desacuerdo";"Ni estoy de acuerdo ni en desacuerdo";"Ni estoy de acuerdo ni en desacuerdo";"Ni estoy de acuerdo ni en desacuerdo"
Otras;Femenino;"Completamente de acuerdo";"Más bien de acuerdo";"Completamente de acuerdo";"Ni estoy de acuerdo ni en desacuerdo";"Ni estoy de acuerdo ni en desacuerdo";"Completamente de acuerdo";"Completamente de acuerdo";"Ni estoy de acuerdo ni en desacuerdo";"Ni estoy de acuerdo ni en desacuerdo";"Más bien de acuerdo";"Completamente de acuerdo"
FFL;Femenino;"Más bien de acuerdo";"Completamente de acuerdo";"Completamente de acuerdo";"Ni estoy de acuerdo ni en desacuerdo";"Ni estoy de acuerdo ni en desacuerdo";"Más bien en desacuerdo";"Completamente de acuerdo";"Más bien de acuerdo";"Más bien en desacuerdo";"Completamente de acuerdo";"Ni estoy de acuerdo ni en desacuerdo"
FFL;Femenino;"Más bien en desacuerdo";"Completamente de acuerdo";"Ni estoy de acuerdo ni en desacuerdo";"Estoy en desacuerdo";"Estoy en desacuerdo";"Estoy en desacuerdo";"Completamente de acuerdo";"Ni estoy de acuerdo ni en desacuerdo";"Estoy en desacuerdo";"Estoy en desacuerdo";"Más bien en desacuerdo"
Otras;Masculino;"Más bien en desacuerdo";"Más bien de acuerdo";"Más bien de acuerdo";"Completamente de acuerdo";"Estoy en desacuerdo";"Más bien en desacuerdo";"Ni estoy de acuerdo ni en desacuerdo";"Completamente de acuerdo";"Estoy en desacuerdo";"Estoy en desacuerdo";"Estoy en desacuerdo"
TIC;Masculino;"Más bien de acuerdo";"Más bien de acuerdo";"Más bien de acuerdo";"Más bien de acuerdo";"Estoy en desacuerdo";"Ni estoy de acuerdo ni en desacuerdo";"Completamente de acuerdo";"Completamente de acuerdo";"Ni estoy de acuerdo ni en desacuerdo";"Estoy en desacuerdo";"Más bien de acuerdo"
TIC;Masculino;"Más bien de acuerdo";"Más bien de acuerdo";"Completamente de acuerdo";"Ni estoy de acuerdo ni en desacuerdo";"Ni estoy de acuerdo ni en desacuerdo";"Ni estoy de acuerdo ni en desacuerdo";"Ni estoy de acuerdo ni en desacuerdo";"Más bien en desacuerdo";"Más bien de acuerdo";"Más bien de acuerdo";"Más bien de acuerdo"
TIC;Masculino;"Completamente de acuerdo";"Más bien en desacuerdo";"Más bien de acuerdo";"Ni estoy de acuerdo ni en desacuerdo";"Ni estoy de acuerdo ni en desacuerdo";"Completamente de acuerdo";"Más bien de acuerdo";"Ni estoy de acuerdo ni en desacuerdo";"Completamente de acuerdo";"Ni estoy de acuerdo ni en desacuerdo";"Completamente de acuerdo"
TIC;Masculino;"Completamente de acuerdo";"Estoy en desacuerdo";"Completamente de acuerdo";"Más bien en desacuerdo";"Más bien de acuerdo";"Completamente de acuerdo";"Estoy en desacuerdo";"Estoy en desacuerdo";"Más bien de acuerdo";"Más bien de acuerdo";"Completamente de acuerdo"
TIC;Masculino;"Completamente de acuerdo";"Más bien de acuerdo";"Completamente de acuerdo";"Más bien de acuerdo";"Ni estoy de acuerdo ni en desacuerdo";"Más bien de acuerdo";"Estoy en desacuerdo";"Ni estoy de acuerdo ni en desacuerdo";"Más bien en desacuerdo";"Ni estoy de acuerdo ni en desacuerdo";"Completamente de acuerdo"
Otras;Masculino;"Más bien de acuerdo";"Más bien de acuerdo";"Más bien en desacuerdo";"Completamente de acuerdo";"Estoy en desacuerdo";"Más bien de acuerdo";"Más bien de acuerdo";"Completamente de acuerdo";"Más bien de acuerdo";"Más bien de acuerdo";"Completamente de acuerdo"
TIC;Femenino;"Más bien de acuerdo";"Más bien de acuerdo";"Ni estoy de acuerdo ni en desacuerdo";"Completamente de acuerdo";"Estoy en desacuerdo";"Ni estoy de acuerdo ni en desacuerdo";"Más bien de acuerdo";"Completamente de acuerdo";"Más bien en desacuerdo";"Estoy en desacuerdo";"Ni estoy de acuerdo ni en desacuerdo"
TIC;Masculino;"Completamente de acuerdo";"Más bien de acuerdo";"Más bien de acuerdo";"Ni estoy de acuerdo ni en desacuerdo";"Ni estoy de acuerdo ni en desacuerdo";"Completamente de acuerdo";"Más bien en desacuerdo";"Ni estoy de acuerdo ni en desacuerdo";"Más bien de acuerdo";"Ni estoy de acuerdo ni en desacuerdo";"Más bien de acuerdo"
Otras;Femenino;"Más bien de acuerdo";"Completamente de acuerdo";"Completamente de acuerdo";"Más bien de acuerdo";"Ni estoy de acuerdo ni en desacuerdo";"Completamente de acuerdo";"Completamente de acuerdo";"Más bien en desacuerdo";"Completamente de acuerdo";"Más bien de acuerdo";"Más bien de acuerdo"
Otras;Masculino;"Completamente de acuerdo";"Más bien de acuerdo";"Completamente de acuerdo";"Más bien en desacuerdo";"Ni estoy de acuerdo ni en desacuerdo";"Completamente de acuerdo";"Más bien de acuerdo";"Ni estoy de acuerdo ni en desacuerdo";"Completamente de acuerdo";"Más bien de acuerdo";"Completamente de acuerdo"
TIC;Masculino;"Completamente de acuerdo";"Más bien de acuerdo";"Completamente de acuerdo";"Completamente de acuerdo";"Ni estoy de acuerdo ni en desacuerdo";"Completamente de acuerdo";"Ni estoy de acuerdo ni en desacuerdo";"Ni estoy de acuerdo ni en desacuerdo";"Ni estoy de acuerdo ni en desacuerdo";"Más bien de acuerdo";"Completamente de acuerdo"
Otras;Femenino;"Más bien de acuerdo";"Más bien en desacuerdo";"Más bien de acuerdo";"Ni estoy de acuerdo ni en desacuerdo";"Más bien de acuerdo";"Más bien de acuerdo";"Más bien en desacuerdo";"Más bien en desacuerdo";"Más bien en desacuerdo";"Más bien de acuerdo";"Más bien en desacuerdo"
Otras;Femenino;"Más bien de acuerdo";"Más bien de acuerdo";"Más bien de acuerdo";"Ni estoy de acuerdo ni en desacuerdo";"Ni estoy de acuerdo ni en desacuerdo";"Más bien de acuerdo";"Más bien de acuerdo";"Más bien de acuerdo";"Más bien en desacuerdo";"Más bien en desacuerdo";"Más bien en desacuerdo"
Otras;Femenino;"Más bien de acuerdo";"Más bien de acuerdo";"Más bien de acuerdo";"Más bien de acuerdo";"Más bien de acuerdo";"Más bien de acuerdo";"Más bien de acuerdo";"Ni estoy de acuerdo ni en desacuerdo";"Más bien de acuerdo";"Más bien de acuerdo";"Más bien de acuerdo"
Otras;Femenino;"Más bien de acuerdo";"Más bien de acuerdo";"Más bien de acuerdo";"Más bien de acuerdo";"Ni estoy de acuerdo ni en desacuerdo";"Más bien de acuerdo";"Más bien en desacuerdo";"Más bien de acuerdo";"Ni estoy de acuerdo ni en desacuerdo";"Ni estoy de acuerdo ni en desacuerdo";"Más bien de acuerdo"
Otras;Femenino;"Ni estoy de acuerdo ni en desacuerdo";"Completamente de acuerdo";"Más bien de acuerdo";"Ni estoy de acuerdo ni en desacuerdo";"Más bien en desacuerdo";"Ni estoy de acuerdo ni en desacuerdo";"Más bien de acuerdo";"Ni estoy de acuerdo ni en desacuerdo";"Estoy en desacuerdo";"Más bien de acuerdo";"Más bien en desacuerdo"
Otras;Femenino;"Ni estoy de acuerdo ni en desacuerdo";"Ni estoy de acuerdo ni en desacuerdo";"Ni estoy de acuerdo ni en desacuerdo";"Ni estoy de acuerdo ni en desacuerdo";"Ni estoy de acuerdo ni en desacuerdo";"Ni estoy de acuerdo ni en desacuerdo";"Ni estoy de acuerdo ni en desacuerdo";"Ni estoy de acuerdo ni en desacuerdo";"Ni estoy de acuerdo ni en desacuerdo";"Ni estoy de acuerdo ni en desacuerdo";"Ni estoy de acuerdo ni en desacuerdo"
TIC;Masculino;"Completamente de acuerdo";"Completamente de acuerdo";"Completamente de acuerdo";"Más bien de acuerdo";"Ni estoy de acuerdo ni en desacuerdo";"Completamente de acuerdo";"Ni estoy de acuerdo ni en desacuerdo";"Ni estoy de acuerdo ni en desacuerdo";"Completamente de acuerdo";"Más bien en desacuerdo";"Completamente de acuerdo"
Otras;Femenino;"Completamente de acuerdo";"Ni estoy de acuerdo ni en desacuerdo";"Más bien de acuerdo";"Más bien de acuerdo";"Más bien en desacuerdo";"Más bien de acuerdo";"Ni estoy de acuerdo ni en desacuerdo";"Más bien de acuerdo";"Completamente de acuerdo";"Más bien de acuerdo";"Completamente de acuerdo"
FFL;Femenino;"Estoy en desacuerdo";"Completamente de acuerdo";"Estoy en desacuerdo";"Completamente de acuerdo";"Estoy en desacuerdo";"Estoy en desacuerdo";"Completamente de acuerdo";"Completamente de acuerdo";"Estoy en desacuerdo";"Estoy en desacuerdo";"Estoy en desacuerdo"
Otras;Femenino;"Más bien de acuerdo";"Completamente de acuerdo";"Completamente de acuerdo";"Más bien en desacuerdo";"Ni estoy de acuerdo ni en desacuerdo";"Más bien de acuerdo";"Más bien de acuerdo";"Ni estoy de acuerdo ni en desacuerdo";"Más bien en desacuerdo";"Más bien en desacuerdo";"Ni estoy de acuerdo ni en desacuerdo"
FFL;Femenino;"Más bien de acuerdo";"Completamente de acuerdo";"Más bien en desacuerdo";"Más bien de acuerdo";"Estoy en desacuerdo";"Más bien en desacuerdo";"Más bien de acuerdo";"Completamente de acuerdo";"Ni estoy de acuerdo ni en desacuerdo";"Estoy en desacuerdo";"Ni estoy de acuerdo ni en desacuerdo"
FFL;Femenino;"Más bien en desacuerdo";"Completamente de acuerdo";"Ni estoy de acuerdo ni en desacuerdo";"Ni estoy de acuerdo ni en desacuerdo";"Ni estoy de acuerdo ni en desacuerdo";"Ni estoy de acuerdo ni en desacuerdo";"Completamente de acuerdo";"Ni estoy de acuerdo ni en desacuerdo";"Estoy en desacuerdo";"Estoy en desacuerdo";"Estoy en desacuerdo"
FFL;Femenino;"Estoy en desacuerdo";"Estoy en desacuerdo";"Estoy en desacuerdo";"Estoy en desacuerdo";"Estoy en desacuerdo";"Estoy en desacuerdo";"Estoy en desacuerdo";"Estoy en desacuerdo";"Estoy en desacuerdo";"Estoy en desacuerdo";"Estoy en desacuerdo"
FFL;Femenino;"Completamente de acuerdo";"Ni estoy de acuerdo ni en desacuerdo";"Más bien de acuerdo";"Ni estoy de acuerdo ni en desacuerdo";"Ni estoy de acuerdo ni en desacuerdo";"Más bien de acuerdo";"Ni estoy de acuerdo ni en desacuerdo";"Ni estoy de acuerdo ni en desacuerdo";"Ni estoy de acuerdo ni en desacuerdo";"Ni estoy de acuerdo ni en desacuerdo";"Más bien de acuerdo"
FFL;Femenino;"Más bien en desacuerdo";"Completamente de acuerdo";"Estoy en desacuerdo";"Estoy en desacuerdo";"Estoy en desacuerdo";"Más bien en desacuerdo";"Completamente de acuerdo";"Más bien de acuerdo";"Ni estoy de acuerdo ni en desacuerdo";"Estoy en desacuerdo";"Más bien en desacuerdo"
FFL;Femenino;"Ni estoy de acuerdo ni en desacuerdo";"Completamente de acuerdo";"Más bien en desacuerdo";"Ni estoy de acuerdo ni en desacuerdo";"Ni estoy de acuerdo ni en desacuerdo";"Más bien en desacuerdo";"Completamente de acuerdo";"Estoy en desacuerdo";"Estoy en desacuerdo";"Ni estoy de acuerdo ni en desacuerdo";"Estoy en desacuerdo"
FFL;Masculino;"Más bien de acuerdo";"Completamente de acuerdo";"Completamente de acuerdo";"Más bien de acuerdo";"Estoy en desacuerdo";"Más bien de acuerdo";"Más bien en desacuerdo";"Ni estoy de acuerdo ni en desacuerdo";"Ni estoy de acuerdo ni en desacuerdo";"Más bien en desacuerdo";"Más bien de acuerdo"
FFL;Femenino;"Estoy en desacuerdo";"Completamente de acuerdo";"Más bien en desacuerdo";"Estoy en desacuerdo";"Más bien en desacuerdo";"Más bien en desacuerdo";"Completamente de acuerdo";"Completamente de acuerdo";"Estoy en desacuerdo";"Estoy en desacuerdo";"Completamente de acuerdo"
Otras;Femenino;"Completamente de acuerdo";"Más bien de acuerdo";"Más bien de acuerdo";"Completamente de acuerdo";"Más bien en desacuerdo";"Más bien de acuerdo";"Más bien en desacuerdo";"Ni estoy de acuerdo ni en desacuerdo";"Más bien de acuerdo";"Más bien en desacuerdo";"Más bien de acuerdo"
FFL;Femenino;"Completamente de acuerdo";"Completamente de acuerdo";"Completamente de acuerdo";"Ni estoy de acuerdo ni en desacuerdo";"Ni estoy de acuerdo ni en desacuerdo";"Más bien de acuerdo";"Más bien de acuerdo";"Ni estoy de acuerdo ni en desacuerdo";"Ni estoy de acuerdo ni en desacuerdo";"Más bien de acuerdo";"Ni estoy de acuerdo ni en desacuerdo"
TIC;Masculino;"Completamente de acuerdo";"Más bien de acuerdo";"Completamente de acuerdo";"Más bien de acuerdo";"Ni estoy de acuerdo ni en desacuerdo";"Más bien de acuerdo";"Más bien de acuerdo";"Más bien de acuerdo";"Ni estoy de acuerdo ni en desacuerdo";"Ni estoy de acuerdo ni en desacuerdo";"Más bien de acuerdo"
TIC;Masculino;"Completamente de acuerdo";"Ni estoy de acuerdo ni en desacuerdo";"Ni estoy de acuerdo ni en desacuerdo";"Ni estoy de acuerdo ni en desacuerdo";"Más bien de acuerdo";"Completamente de acuerdo";"Más bien en desacuerdo";"Ni estoy de acuerdo ni en desacuerdo";"Más bien de acuerdo";"Ni estoy de acuerdo ni en desacuerdo";"Ni estoy de acuerdo ni en desacuerdo"
Otras;Masculino;"Completamente de acuerdo";"Más bien de acuerdo";"Completamente de acuerdo";"Más bien de acuerdo";"Más bien en desacuerdo";"Completamente de acuerdo";"Más bien en desacuerdo";"Ni estoy de acuerdo ni en desacuerdo";"Completamente de acuerdo";"Más bien de acuerdo";"Más bien de acuerdo"
Otras;Masculino;"Más bien de acuerdo";"Completamente de acuerdo";"Más bien de acuerdo";"Más bien de acuerdo";"Más bien en desacuerdo";"Más bien de acuerdo";"Más bien de acuerdo";"Ni estoy de acuerdo ni en desacuerdo";"Más bien de acuerdo";"Ni estoy de acuerdo ni en desacuerdo";"Más bien de acuerdo"
FFL;Masculino;"Más bien de acuerdo";"Ni estoy de acuerdo ni en desacuerdo";"Más bien de acuerdo";"Ni estoy de acuerdo ni en desacuerdo";"Ni estoy de acuerdo ni en desacuerdo";"Más bien en desacuerdo";"Más bien de acuerdo";"Ni estoy de acuerdo ni en desacuerdo";"Estoy en desacuerdo";"Más bien en desacuerdo";"Ni estoy de acuerdo ni en desacuerdo"
TIC;Masculino;"Más bien de acuerdo";"Más bien de acuerdo";"Más bien en desacuerdo";"Más bien de acuerdo";"Estoy en desacuerdo";"Más bien en desacuerdo";"Estoy en desacuerdo";"Completamente de acuerdo";"Más bien en desacuerdo";"Más bien en desacuerdo";"Más bien de acuerdo"
TIC;Masculino;"Completamente de acuerdo";"Estoy en desacuerdo";"Completamente de acuerdo";"Más bien de acuerdo";"Más bien de acuerdo";"Completamente de acuerdo";"Más bien en desacuerdo";"Ni estoy de acuerdo ni en desacuerdo";"Completamente de acuerdo";"Más bien en desacuerdo";"Completamente de acuerdo"
TIC;Masculino;"Estoy en desacuerdo";"Ni estoy de acuerdo ni en desacuerdo";"Ni estoy de acuerdo ni en desacuerdo";"Más bien en desacuerdo";"Ni estoy de acuerdo ni en desacuerdo";"Más bien en desacuerdo";"Más bien en desacuerdo";"Ni estoy de acuerdo ni en desacuerdo";"Más bien en desacuerdo";"Completamente de acuerdo";"Más bien en desacuerdo"
TIC;"Prefiero no decirlo";"Más bien de acuerdo";"Más bien de acuerdo";"Más bien de acuerdo";"Más bien de acuerdo";"Ni estoy de acuerdo ni en desacuerdo";"Completamente de acuerdo";"Más bien de acuerdo";"Ni estoy de acuerdo ni en desacuerdo";"Ni estoy de acuerdo ni en desacuerdo";"Más bien en desacuerdo";"Ni estoy de acuerdo ni en desacuerdo"
TIC;Masculino;"Completamente de acuerdo";"Más bien de acuerdo";"Completamente de acuerdo";"Ni estoy de acuerdo ni en desacuerdo";"Ni estoy de acuerdo ni en desacuerdo";"Completamente de acuerdo";"Completamente de acuerdo";"Ni estoy de acuerdo ni en desacuerdo";"Completamente de acuerdo";"Más bien en desacuerdo";"Completamente de acuerdo"
TIC;Masculino;"Completamente de acuerdo";"Más bien de acuerdo";"Completamente de acuerdo";"Ni estoy de acuerdo ni en desacuerdo";"Estoy en desacuerdo";"Completamente de acuerdo";"Ni estoy de acuerdo ni en desacuerdo";"Ni estoy de acuerdo ni en desacuerdo";"Más bien de acuerdo";"Ni estoy de acuerdo ni en desacuerdo";"Más bien de acuerdo"
TIC;Masculino;"Completamente de acuerdo";"Más bien de acuerdo";"Más bien en desacuerdo";"Completamente de acuerdo";"Más bien en desacuerdo";"Completamente de acuerdo";"Más bien en desacuerdo";"Ni estoy de acuerdo ni en desacuerdo";"Estoy en desacuerdo";"Más bien en desacuerdo";"Más bien de acuerdo"
TIC;Masculino;"Completamente de acuerdo";"Completamente de acuerdo";"Completamente de acuerdo";"Completamente de acuerdo";"Completamente de acuerdo";"Completamente de acuerdo";"Completamente de acuerdo";"Completamente de acuerdo";"Completamente de acuerdo";"Completamente de acuerdo";"Completamente de acuerdo"
TIC;Masculino;"Más bien de acuerdo";"Más bien de acuerdo";"Más bien de acuerdo";"Ni estoy de acuerdo ni en desacuerdo";"Estoy en desacuerdo";"Más bien de acuerdo";"Ni estoy de acuerdo ni en desacuerdo";"Ni estoy de acuerdo ni en desacuerdo";"Ni estoy de acuerdo ni en desacuerdo";"Ni estoy de acuerdo ni en desacuerdo";"Más bien de acuerdo"
TIC;Masculino;"Completamente de acuerdo";"Completamente de acuerdo";"Más bien de acuerdo";"Ni estoy de acuerdo ni en desacuerdo";"Ni estoy de acuerdo ni en desacuerdo";"Completamente de acuerdo";"Más bien de acuerdo";"Ni estoy de acuerdo ni en desacuerdo";"Más bien de acuerdo";"Ni estoy de acuerdo ni en desacuerdo";"Más bien de acuerdo"
Otras;Masculino;"Ni estoy de acuerdo ni en desacuerdo";"Ni estoy de acuerdo ni en desacuerdo";"Más bien de acuerdo";"Más bien de acuerdo";"Estoy en desacuerdo";"Completamente de acuerdo";"Ni estoy de acuerdo ni en desacuerdo";"Más bien de acuerdo";"Más bien de acuerdo";"Ni estoy de acuerdo ni en desacuerdo";"Más bien de acuerdo"
TIC;Masculino;"Más bien de acuerdo";"Ni estoy de acuerdo ni en desacuerdo";"Más bien de acuerdo";"Ni estoy de acuerdo ni en desacuerdo";"Ni estoy de acuerdo ni en desacuerdo";"Más bien de acuerdo";"Ni estoy de acuerdo ni en desacuerdo";"Ni estoy de acuerdo ni en desacuerdo";"Ni estoy de acuerdo ni en desacuerdo";"Más bien de acuerdo";"Más bien de acuerdo"
TIC;Femenino;"Más bien de acuerdo";"Completamente de acuerdo";"Completamente de acuerdo";"Más bien de acuerdo";"Más bien en desacuerdo";"Completamente de acuerdo";"Más bien de acuerdo";"Más bien de acuerdo";"Completamente de acuerdo";"Más bien de acuerdo";"Completamente de acuerdo"
TIC;Masculino;"Más bien de acuerdo";"Completamente de acuerdo";"Más bien de acuerdo";"Ni estoy de acuerdo ni en desacuerdo";"Más bien en desacuerdo";"Más bien de acuerdo";"Más bien de acuerdo";"Ni estoy de acuerdo ni en desacuerdo";"Más bien de acuerdo";"Ni estoy de acuerdo ni en desacuerdo";"Más bien de acuerdo"
TIC;Masculino;"Más bien de acuerdo";"Ni estoy de acuerdo ni en desacuerdo";"Ni estoy de acuerdo ni en desacuerdo";"Más bien de acuerdo";"Completamente de acuerdo";"Ni estoy de acuerdo ni en desacuerdo";"Más bien de acuerdo";"Más bien de acuerdo";"Más bien de acuerdo";"Completamente de acuerdo";"Más bien de acuerdo"
TIC;Masculino;"Más bien de acuerdo";"Más bien de acuerdo";"Más bien de acuerdo";"Ni estoy de acuerdo ni en desacuerdo";"Ni estoy de acuerdo ni en desacuerdo";"Más bien de acuerdo";"Completamente de acuerdo";"Más bien de acuerdo";"Más bien de acuerdo";"Más bien de acuerdo";"Ni estoy de acuerdo ni en desacuerdo"
Otras;Masculino;"Ni estoy de acuerdo ni en desacuerdo";"Ni estoy de acuerdo ni en desacuerdo";"Estoy en desacuerdo";"Ni estoy de acuerdo ni en desacuerdo";"Ni estoy de acuerdo ni en desacuerdo";"Más bien de acuerdo";"Ni estoy de acuerdo ni en desacuerdo";"Más bien en desacuerdo";"Más bien de acuerdo";"Estoy en desacuerdo";"Más bien de acuerdo"
Otras;Femenino;"Completamente de acuerdo";"Más bien de acuerdo";"Más bien de acuerdo";"Ni estoy de acuerdo ni en desacuerdo";"Ni estoy de acuerdo ni en desacuerdo";"Ni estoy de acuerdo ni en desacuerdo";"Más bien de acuerdo";"Estoy en desacuerdo";"Ni estoy de acuerdo ni en desacuerdo";"Más bien de acuerdo";"Ni estoy de acuerdo ni en desacuerdo"
TIC;Masculino;"Más bien de acuerdo";"Más bien de acuerdo";"Más bien de acuerdo";"Más bien en desacuerdo";"Estoy en desacuerdo";"Más bien de acuerdo";"Ni estoy de acuerdo ni en desacuerdo";"Más bien de acuerdo";"Ni estoy de acuerdo ni en desacuerdo";"Más bien en desacuerdo";"Ni estoy de acuerdo ni en desacuerdo"
FFL;Femenino;"Completamente de acuerdo";"Completamente de acuerdo";"Completamente de acuerdo";"Más bien de acuerdo";"Ni estoy de acuerdo ni en desacuerdo";"Completamente de acuerdo";"Más bien de acuerdo";"Más bien de acuerdo";"Más bien en desacuerdo";"Más bien de acuerdo";"Más bien de acuerdo"
Otras;Femenino;"Completamente de acuerdo";"Completamente de acuerdo";"Completamente de acuerdo";"Ni estoy de acuerdo ni en desacuerdo";"Ni estoy de acuerdo ni en desacuerdo";"Completamente de acuerdo";"Completamente de acuerdo";"Más bien en desacuerdo";"Estoy en desacuerdo";"Más bien de acuerdo";"Completamente de acuerdo"
TIC;Masculino;"Completamente de acuerdo";"Más bien de acuerdo";"Completamente de acuerdo";"Más bien en desacuerdo";"Más bien de acuerdo";"Completamente de acuerdo";"Más bien de acuerdo";"Más bien en desacuerdo";"Más bien de acuerdo";"Más bien de acuerdo";"Completamente de acuerdo"
TIC;Masculino;"Completamente de acuerdo";"Más bien en desacuerdo";"Más bien de acuerdo";"Completamente de acuerdo";"Más bien en desacuerdo";"Completamente de acuerdo";"Más bien en desacuerdo";"Más bien de acuerdo";"Ni estoy de acuerdo ni en desacuerdo";"Más bien de acuerdo";"Completamente de acuerdo"
TIC;Masculino;"Completamente de acuerdo";"Más bien de acuerdo";"Completamente de acuerdo";"Más bien de acuerdo";"Más bien de acuerdo";"Completamente de acuerdo";"Más bien de acuerdo";"Ni estoy de acuerdo ni en desacuerdo";"Completamente de acuerdo";"Más bien de acuerdo";"Más bien de acuerdo"
TIC;Masculino;"Más bien de acuerdo";"Más bien de acuerdo";"Más bien de acuerdo";"Ni estoy de acuerdo ni en desacuerdo";"Más bien de acuerdo";"Más bien de acuerdo";"Más bien de acuerdo";"Ni estoy de acuerdo ni en desacuerdo";"Más bien de acuerdo";"Más bien de acuerdo";"Ni estoy de acuerdo ni en desacuerdo"
TIC;Masculino;"Más bien de acuerdo";"Completamente de acuerdo";"Más bien de acuerdo";"Completamente de acuerdo";"Más bien en desacuerdo";"Completamente de acuerdo";"Completamente de acuerdo";"Ni estoy de acuerdo ni en desacuerdo";"Ni estoy de acuerdo ni en desacuerdo";"Ni estoy de acuerdo ni en desacuerdo";"Más bien en desacuerdo"
TIC;Masculino;"Más bien de acuerdo";"Más bien de acuerdo";"Más bien de acuerdo";"Ni estoy de acuerdo ni en desacuerdo";"Ni estoy de acuerdo ni en desacuerdo";"Más bien de acuerdo";"Ni estoy de acuerdo ni en desacuerdo";"Ni estoy de acuerdo ni en desacuerdo";"Más bien de acuerdo";"Ni estoy de acuerdo ni en desacuerdo";"Más bien de acuerdo"
TIC;Masculino;"Completamente de acuerdo";"Estoy en desacuerdo";"Completamente de acuerdo";"Más bien en desacuerdo";"Ni estoy de acuerdo ni en desacuerdo";"Completamente de acuerdo";"Estoy en desacuerdo";"Ni estoy de acuerdo ni en desacuerdo";"Ni estoy de acuerdo ni en desacuerdo";"Completamente de acuerdo";"Completamente de acuerdo"
TIC;Masculino;"Más bien de acuerdo";"Ni estoy de acuerdo ni en desacuerdo";"Más bien de acuerdo";"Ni estoy de acuerdo ni en desacuerdo";"Ni estoy de acuerdo ni en desacuerdo";"Más bien de acuerdo";"Más bien en desacuerdo";"Ni estoy de acuerdo ni en desacuerdo";"Más bien de acuerdo";"Ni estoy de acuerdo ni en desacuerdo";"Más bien de acuerdo"
FFL;Femenino;"Más bien de acuerdo";"Más bien de acuerdo";"Ni estoy de acuerdo ni en desacuerdo";"Más bien de acuerdo";"Estoy en desacuerdo";"Más bien de acuerdo";"Completamente de acuerdo";"Más bien de acuerdo";"Ni estoy de acuerdo ni en desacuerdo";"Estoy en desacuerdo";"Más bien de acuerdo"
FFL;Masculino;"Completamente de acuerdo";"Ni estoy de acuerdo ni en desacuerdo";"Más bien de acuerdo";"Ni estoy de acuerdo ni en desacuerdo";"Más bien de acuerdo";"Completamente de acuerdo";"Ni estoy de acuerdo ni en desacuerdo";"Más bien en desacuerdo";"Ni estoy de acuerdo ni en desacuerdo";"Más bien de acuerdo";"Más bien de acuerdo"
FFL;Femenino;"Más bien de acuerdo";"Más bien de acuerdo";"Más bien de acuerdo";"Ni estoy de acuerdo ni en desacuerdo";"Más bien en desacuerdo";"Ni estoy de acuerdo ni en desacuerdo";"Ni estoy de acuerdo ni en desacuerdo";"Más bien de acuerdo";"Ni estoy de acuerdo ni en desacuerdo";"Más bien en desacuerdo";"Más bien de acuerdo"
FFL;Femenino;"Más bien de acuerdo";"Completamente de acuerdo";"Más bien de acuerdo";"Ni estoy de acuerdo ni en desacuerdo";"Ni estoy de acuerdo ni en desacuerdo";"Más bien de acuerdo";"Más bien de acuerdo";"Ni estoy de acuerdo ni en desacuerdo";"Estoy en desacuerdo";"Ni estoy de acuerdo ni en desacuerdo";"Más bien en desacuerdo"
FFL;Masculino;"Ni estoy de acuerdo ni en desacuerdo";"Más bien de acuerdo";"Ni estoy de acuerdo ni en desacuerdo";"Más bien de acuerdo";"Estoy en desacuerdo";"Más bien de acuerdo";"Ni estoy de acuerdo ni en desacuerdo";"Completamente de acuerdo";"Ni estoy de acuerdo ni en desacuerdo";"Estoy en desacuerdo";"Más bien de acuerdo"
FFL;Femenino;"Más bien de acuerdo";"Más bien de acuerdo";"Más bien de acuerdo";"Estoy en desacuerdo";"Más bien en desacuerdo";"Más bien de acuerdo";"Completamente de acuerdo";"Ni estoy de acuerdo ni en desacuerdo";"Ni estoy de acuerdo ni en desacuerdo";"Estoy en desacuerdo";"Ni estoy de acuerdo ni en desacuerdo"
FFL;Femenino;"Más bien en desacuerdo";"Ni estoy de acuerdo ni en desacuerdo";"Más bien en desacuerdo";"Más bien en desacuerdo";"Ni estoy de acuerdo ni en desacuerdo";"Ni estoy de acuerdo ni en desacuerdo";"Estoy en desacuerdo";"Ni estoy de acuerdo ni en desacuerdo";"Ni estoy de acuerdo ni en desacuerdo";"Ni estoy de acuerdo ni en desacuerdo";"Ni estoy de acuerdo ni en desacuerdo"
FFL;Femenino;"Completamente de acuerdo";"Más bien de acuerdo";"Completamente de acuerdo";"Ni estoy de acuerdo ni en desacuerdo";"Ni estoy de acuerdo ni en desacuerdo";"Completamente de acuerdo";"Más bien de acuerdo";"Más bien en desacuerdo";"Completamente de acuerdo";"Más bien de acuerdo";"Más bien de acuerdo"
FFL;Femenino;"Más bien de acuerdo";"Más bien de acuerdo";"Más bien de acuerdo";"Más bien de acuerdo";"Más bien en desacuerdo";"Más bien de acuerdo";"Más bien de acuerdo";"Ni estoy de acuerdo ni en desacuerdo";"Más bien en desacuerdo";"Más bien de acuerdo";"Más bien de acuerdo"
TIC;Masculino;"Más bien de acuerdo";"Completamente de acuerdo";"Completamente de acuerdo";"Estoy en desacuerdo";"Ni estoy de acuerdo ni en desacuerdo";"Completamente de acuerdo";"Completamente de acuerdo";"Ni estoy de acuerdo ni en desacuerdo";"Más bien de acuerdo";"Ni estoy de acuerdo ni en desacuerdo";"Más bien en desacuerdo"
Otras;Masculino;"Completamente de acuerdo";"Más bien de acuerdo";"Completamente de acuerdo";"Completamente de acuerdo";"Más bien de acuerdo";"Ni estoy de acuerdo ni en desacuerdo";"Más bien de acuerdo";"Completamente de acuerdo";"Más bien de acuerdo";"Ni estoy de acuerdo ni en desacuerdo";"Más bien de acuerdo"
FFL;Masculino;"Más bien de acuerdo";"Ni estoy de acuerdo ni en desacuerdo";"Estoy en desacuerdo";"Más bien de acuerdo";"Ni estoy de acuerdo ni en desacuerdo";"Estoy en desacuerdo";"Más bien en desacuerdo";"Más bien en desacuerdo";"Más bien de acuerdo";"Ni estoy de acuerdo ni en desacuerdo";"Ni estoy de acuerdo ni en desacuerdo"
TIC;Masculino;"Completamente de acuerdo";"Más bien de acuerdo";"Completamente de acuerdo";"Ni estoy de acuerdo ni en desacuerdo";"Ni estoy de acuerdo ni en desacuerdo";"Completamente de acuerdo";"Estoy en desacuerdo";"Ni estoy de acuerdo ni en desacuerdo";"Completamente de acuerdo";"Ni estoy de acuerdo ni en desacuerdo";"Completamente de acuerdo"
TIC;Masculino;"Más bien en desacuerdo";"Ni estoy de acuerdo ni en desacuerdo";"Más bien de acuerdo";"Más bien de acuerdo";"Estoy en desacuerdo";"Ni estoy de acuerdo ni en desacuerdo";"Más bien de acuerdo";"Ni estoy de acuerdo ni en desacuerdo";"Ni estoy de acuerdo ni en desacuerdo";"Ni estoy de acuerdo ni en desacuerdo";"Ni estoy de acuerdo ni en desacuerdo"
TIC;Masculino;"Completamente de acuerdo";"Más bien de acuerdo";"Más bien en desacuerdo";"Completamente de acuerdo";"Más bien en desacuerdo";"Más bien en desacuerdo";"Más bien de acuerdo";"Completamente de acuerdo";"Más bien en desacuerdo";"Más bien en desacuerdo";"Completamente de acuerdo"
TIC;Masculino;"Más bien de acuerdo";"Ni estoy de acuerdo ni en desacuerdo";"Más bien de acuerdo";"Más bien en desacuerdo";"Ni estoy de acuerdo ni en desacuerdo";"Completamente de acuerdo";"Más bien de acuerdo";"Ni estoy de acuerdo ni en desacuerdo";"Más bien de acuerdo";"Más bien de acuerdo";"Más bien de acuerdo"
TIC;Masculino;"Más bien de acuerdo";"Ni estoy de acuerdo ni en desacuerdo";"Más bien de acuerdo";"Ni estoy de acuerdo ni en desacuerdo";"Ni estoy de acuerdo ni en desacuerdo";"Completamente de acuerdo";"Más bien de acuerdo";"Ni estoy de acuerdo ni en desacuerdo";"Ni estoy de acuerdo ni en desacuerdo";"Más bien de acuerdo";"Más bien de acuerdo"
TIC;Masculino;"Más bien de acuerdo";"Completamente de acuerdo";"Más bien de acuerdo";"Ni estoy de acuerdo ni en desacuerdo";"Más bien en desacuerdo";"Más bien de acuerdo";"Ni estoy de acuerdo ni en desacuerdo";"Ni estoy de acuerdo ni en desacuerdo";"Ni estoy de acuerdo ni en desacuerdo";"Ni estoy de acuerdo ni en desacuerdo";"Ni estoy de acuerdo ni en desacuerdo"
TIC;Masculino;"Más bien de acuerdo";"Ni estoy de acuerdo ni en desacuerdo";"Más bien de acuerdo";"Ni estoy de acuerdo ni en desacuerdo";"Ni estoy de acuerdo ni en desacuerdo";"Más bien de acuerdo";"Ni estoy de acuerdo ni en desacuerdo";"Ni estoy de acuerdo ni en desacuerdo";"Ni estoy de acuerdo ni en desacuerdo";"Más bien de acuerdo";"Más bien de acuerdo"
TIC;Femenino;"Más bien de acuerdo";"Ni estoy de acuerdo ni en desacuerdo";"Más bien de acuerdo";"Ni estoy de acuerdo ni en desacuerdo";"Ni estoy de acuerdo ni en desacuerdo";"Más bien de acuerdo";"Ni estoy de acuerdo ni en desacuerdo";"Ni estoy de acuerdo ni en desacuerdo";"Ni estoy de acuerdo ni en desacuerdo";"Más bien en desacuerdo";"Ni estoy de acuerdo ni en desacuerdo"
TIC;Masculino;"Completamente de acuerdo";"Ni estoy de acuerdo ni en desacuerdo";"Más bien de acuerdo";"Completamente de acuerdo";"Ni estoy de acuerdo ni en desacuerdo";"Completamente de acuerdo";"Ni estoy de acuerdo ni en desacuerdo";"Más bien en desacuerdo";"Más bien de acuerdo";"Ni estoy de acuerdo ni en desacuerdo";"Más bien de acuerdo"
TIC;Masculino;"Ni estoy de acuerdo ni en desacuerdo";"Más bien de acuerdo";"Más bien en desacuerdo";"Más bien de acuerdo";"Más bien en desacuerdo";"Más bien de acuerdo";"Completamente de acuerdo";"Ni estoy de acuerdo ni en desacuerdo";"Más bien en desacuerdo";"Más bien en desacuerdo";"Más bien en desacuerdo"
TIC;Masculino;"Completamente de acuerdo";"Más bien de acuerdo";"Completamente de acuerdo";"Más bien de acuerdo";"Ni estoy de acuerdo ni en desacuerdo";"Más bien de acuerdo";"Más bien de acuerdo";"Ni estoy de acuerdo ni en desacuerdo";"Más bien de acuerdo";"Completamente de acuerdo";"Completamente de acuerdo"
TIC;Masculino;"Más bien en desacuerdo";"Estoy en desacuerdo";"Ni estoy de acuerdo ni en desacuerdo";"Ni estoy de acuerdo ni en desacuerdo";"Más bien en desacuerdo";"Ni estoy de acuerdo ni en desacuerdo";"Ni estoy de acuerdo ni en desacuerdo";"Más bien en desacuerdo";"Ni estoy de acuerdo ni en desacuerdo";"Más bien en desacuerdo";"Más bien de acuerdo"
TIC;Masculino;"Completamente de acuerdo";"Más bien de acuerdo";"Completamente de acuerdo";"Más bien en desacuerdo";"Más bien en desacuerdo";"Más bien de acuerdo";"Ni estoy de acuerdo ni en desacuerdo";"Más bien en desacuerdo";"Más bien de acuerdo";"Más bien de acuerdo";"Completamente de acuerdo"
TIC;Masculino;"Más bien de acuerdo";"Más bien de acuerdo";"Completamente de acuerdo";"Más bien en desacuerdo";"Ni estoy de acuerdo ni en desacuerdo";"Más bien de acuerdo";"Más bien en desacuerdo";"Ni estoy de acuerdo ni en desacuerdo";"Ni estoy de acuerdo ni en desacuerdo";"Ni estoy de acuerdo ni en desacuerdo";"Más bien de acuerdo"
TIC;Masculino;"Completamente de acuerdo";"Más bien de acuerdo";"Completamente de acuerdo";"Ni estoy de acuerdo ni en desacuerdo";"Ni estoy de acuerdo ni en desacuerdo";"Completamente de acuerdo";"Ni estoy de acuerdo ni en desacuerdo";"Más bien de acuerdo";"Más bien en desacuerdo";"Ni estoy de acuerdo ni en desacuerdo";"Completamente de acuerdo"
TIC;Femenino;"Más bien de acuerdo";"Ni estoy de acuerdo ni en desacuerdo";"Más bien de acuerdo";"Ni estoy de acuerdo ni en desacuerdo";"Ni estoy de acuerdo ni en desacuerdo";"Más bien de acuerdo";"Ni estoy de acuerdo ni en desacuerdo";"Ni estoy de acuerdo ni en desacuerdo";"Más bien de acuerdo";"Más bien de acuerdo";"Más bien de acuerdo"
TIC;"Prefiero no decirlo";"Más bien de acuerdo";"Más bien de acuerdo";"Más bien de acuerdo";"Ni estoy de acuerdo ni en desacuerdo";"Más bien en desacuerdo";"Más bien de acuerdo";"Más bien en desacuerdo";"Más bien en desacuerdo";"Completamente de acuerdo";"Ni estoy de acuerdo ni en desacuerdo";"Más bien de acuerdo"
TIC;Masculino;"Completamente de acuerdo";"Estoy en desacuerdo";"Completamente de acuerdo";"Completamente de acuerdo";"Completamente de acuerdo";"Completamente de acuerdo";"Completamente de acuerdo";"Estoy en desacuerdo";"Completamente de acuerdo";"Ni estoy de acuerdo ni en desacuerdo";"Completamente de acuerdo"
TIC;Masculino;"Más bien de acuerdo";"Completamente de acuerdo";"Más bien de acuerdo";"Ni estoy de acuerdo ni en desacuerdo";"Ni estoy de acuerdo ni en desacuerdo";"Más bien de acuerdo";"Completamente de acuerdo";"Más bien en desacuerdo";"Ni estoy de acuerdo ni en desacuerdo";"Estoy en desacuerdo";"Más bien de acuerdo"
TIC;Femenino;"Ni estoy de acuerdo ni en desacuerdo";"Completamente de acuerdo";"Más bien de acuerdo";"Más bien de acuerdo";"Ni estoy de acuerdo ni en desacuerdo";"Estoy en desacuerdo";"Más bien de acuerdo";"Más bien de acuerdo";"Más bien en desacuerdo";"Ni estoy de acuerdo ni en desacuerdo";"Más bien de acuerdo"
TIC;Femenino;"Completamente de acuerdo";"Más bien en desacuerdo";"Completamente de acuerdo";"Más bien de acuerdo";"Ni estoy de acuerdo ni en desacuerdo";"Completamente de acuerdo";"Estoy en desacuerdo";"Ni estoy de acuerdo ni en desacuerdo";"Más bien de acuerdo";"Ni estoy de acuerdo ni en desacuerdo";"Completamente de acuerdo"
TIC;Masculino;"Completamente de acuerdo";"Estoy en desacuerdo";"Completamente de acuerdo";"Ni estoy de acuerdo ni en desacuerdo";"Ni estoy de acuerdo ni en desacuerdo";"Completamente de acuerdo";"Más bien en desacuerdo";"Ni estoy de acuerdo ni en desacuerdo";"Más bien de acuerdo";"Ni estoy de acuerdo ni en desacuerdo";"Completamente de acuerdo"
